NRG all file names,RG all filenames
TRAIN000035,TRAIN000034
TRAIN000062,TRAIN000060
TRAIN000071,TRAIN000068
TRAIN000104,TRAIN000100
TRAIN000111,TRAIN000106
TRAIN000129,TRAIN000122
TRAIN000134,TRAIN000127
TRAIN000148,TRAIN000140
TRAIN000198,TRAIN000188
TRAIN000205,TRAIN000195
TRAIN000236,TRAIN000225
TRAIN000297,TRAIN000285
TRAIN000342,TRAIN000329
TRAIN000359,TRAIN000344
TRAIN000364,TRAIN000348
TRAIN000379,TRAIN000362
TRAIN000390,TRAIN000373
TRAIN000410,TRAIN000392
TRAIN000441,TRAIN000421
TRAIN000449,TRAIN000429
TRAIN000486,TRAIN000465
TRAIN000520,TRAIN000498
TRAIN000546,TRAIN000521
TRAIN000547,TRAIN000522
TRAIN000567,TRAIN000542
TRAIN000626,TRAIN000598
TRAIN000631,TRAIN000603
TRAIN000654,TRAIN000625
TRAIN000676,TRAIN000646
TRAIN000690,TRAIN000660
TRAIN000733,TRAIN000701
TRAIN000761,TRAIN000728
TRAIN000778,TRAIN000744
TRAIN000809,TRAIN000773
TRAIN000819,TRAIN000783
TRAIN000826,TRAIN000789
TRAIN000860,TRAIN000823
TRAIN000902,TRAIN000864
TRAIN000964,TRAIN000924
TRAIN000972,TRAIN000932
TRAIN001024,TRAIN000983
TRAIN001070,TRAIN001028
TRAIN001160,TRAIN001115
TRAIN001163,TRAIN001118
TRAIN001192,TRAIN001147
TRAIN001260,TRAIN001212
TRAIN001273,TRAIN001225
TRAIN001278,TRAIN001230
TRAIN001406,TRAIN001356
TRAIN001444,TRAIN001393
TRAIN001466,TRAIN001415
TRAIN001534,TRAIN001481
TRAIN001550,TRAIN001497
TRAIN001657,TRAIN001598
TRAIN001668,TRAIN001609
TRAIN001674,TRAIN001615
TRAIN001688,TRAIN001629
TRAIN001690,TRAIN001631
TRAIN001698,TRAIN001638
TRAIN001757,TRAIN001695
TRAIN001783,TRAIN001720
TRAIN001807,TRAIN001741
TRAIN001846,TRAIN001779
TRAIN001851,TRAIN001784
TRAIN001865,TRAIN001797
TRAIN001868,TRAIN001800
TRAIN001905,TRAIN001836
TRAIN001933,TRAIN001864
TRAIN001960,TRAIN001889
TRAIN002011,TRAIN001939
TRAIN002028,TRAIN001956
TRAIN002057,TRAIN001984
TRAIN002132,TRAIN002055
TRAIN002143,TRAIN002066
TRAIN002147,TRAIN002070
TRAIN002188,TRAIN002110
TRAIN002205,TRAIN002127
TRAIN002234,TRAIN002155
TRAIN002310,TRAIN002229
TRAIN002320,TRAIN002238
TRAIN002352,TRAIN002269
TRAIN002403,TRAIN002318
TRAIN002423,TRAIN002336
TRAIN002448,TRAIN002360
TRAIN002482,TRAIN002393
TRAIN002505,TRAIN002415
TRAIN002507,TRAIN002417
TRAIN002516,TRAIN002426
TRAIN002552,TRAIN002461
TRAIN002586,TRAIN002494
TRAIN002639,TRAIN002547
TRAIN002661,TRAIN002568
TRAIN002751,TRAIN002653
TRAIN002784,TRAIN002686
TRAIN002807,TRAIN002709
TRAIN002817,TRAIN002719
TRAIN002818,TRAIN002720
TRAIN002847,TRAIN002749
TRAIN002994,TRAIN002895
TRAIN003165,TRAIN003061
TRAIN003176,TRAIN003072
TRAIN003203,TRAIN003097
TRAIN003224,TRAIN003117
TRAIN003270,TRAIN003163
TRAIN003286,TRAIN003179
TRAIN003296,TRAIN003189
TRAIN003316,TRAIN003209
TRAIN003463,TRAIN003353
TRAIN003504,TRAIN003393
TRAIN003558,TRAIN003443
TRAIN003606,TRAIN003489
TRAIN003626,TRAIN003508
TRAIN003628,TRAIN003510
TRAIN003649,TRAIN003530
TRAIN003671,TRAIN003551
TRAIN003682,TRAIN003561
TRAIN003709,TRAIN003587
TRAIN003746,TRAIN003624
TRAIN003757,TRAIN003635
TRAIN003793,TRAIN003669
TRAIN003802,TRAIN003678
TRAIN003810,TRAIN003686
TRAIN003914,TRAIN003785
TRAIN003919,TRAIN003790
TRAIN003967,TRAIN003837
TRAIN003977,TRAIN003847
TRAIN003978,TRAIN003848
TRAIN003983,TRAIN003853
TRAIN004008,TRAIN003878
TRAIN004053,TRAIN003923
TRAIN004194,TRAIN004057
TRAIN004210,TRAIN004073
TRAIN004212,TRAIN004075
TRAIN004223,TRAIN004086
TRAIN004231,TRAIN004094
TRAIN004258,TRAIN004121
TRAIN004264,TRAIN004127
TRAIN004412,TRAIN004270
TRAIN004419,TRAIN004276
TRAIN004453,TRAIN004309
TRAIN004458,TRAIN004314
TRAIN004538,TRAIN004393
TRAIN004561,TRAIN004414
TRAIN004581,TRAIN004434
TRAIN004660,TRAIN004510
TRAIN004701,TRAIN004550
TRAIN004705,TRAIN004554
TRAIN004761,TRAIN004609
TRAIN004767,TRAIN004615
TRAIN004773,TRAIN004620
TRAIN004851,TRAIN004695
TRAIN004892,TRAIN004733
TRAIN004933,TRAIN004772
TRAIN004973,TRAIN004811
TRAIN004979,TRAIN004817
TRAIN004991,TRAIN004829
TRAIN005016,TRAIN004853
TRAIN005047,TRAIN004884
TRAIN005051,TRAIN004888
TRAIN005063,TRAIN004900
TRAIN005079,TRAIN004916
TRAIN005111,TRAIN004946
TRAIN005160,TRAIN004994
TRAIN005256,TRAIN005087
TRAIN005276,TRAIN005106
TRAIN005295,TRAIN005125
TRAIN005353,TRAIN005182
TRAIN005362,TRAIN005191
TRAIN005363,TRAIN005192
TRAIN005429,TRAIN005257
TRAIN005495,TRAIN005321
TRAIN005541,TRAIN005366
TRAIN005636,TRAIN005459
TRAIN005643,TRAIN005466
TRAIN005713,TRAIN005536
TRAIN005753,TRAIN005574
TRAIN005789,TRAIN005609
TRAIN005903,TRAIN005718
TRAIN005925,TRAIN005740
TRAIN005972,TRAIN005785
TRAIN005999,TRAIN005812
TRAIN006005,TRAIN005818
TRAIN006047,TRAIN005860
TRAIN006048,TRAIN005861
TRAIN006090,TRAIN005902
TRAIN006119,TRAIN005930
TRAIN006146,TRAIN005956
TRAIN006270,TRAIN006074
TRAIN006288,TRAIN006092
TRAIN006339,TRAIN006143
TRAIN006362,TRAIN006166
TRAIN006383,TRAIN006187
TRAIN006386,TRAIN006190
TRAIN006395,TRAIN006199
TRAIN006426,TRAIN006228
TRAIN006436,TRAIN006238
TRAIN006606,TRAIN006404
TRAIN006624,TRAIN006420
TRAIN006690,TRAIN006483
TRAIN006742,TRAIN006533
TRAIN006745,TRAIN006536
TRAIN006772,TRAIN006562
TRAIN006824,TRAIN006612
TRAIN006835,TRAIN006623
TRAIN006863,TRAIN006651
TRAIN006876,TRAIN006664
TRAIN006887,TRAIN006675
TRAIN006921,TRAIN006708
TRAIN006928,TRAIN006715
TRAIN006961,TRAIN006747
TRAIN007005,TRAIN006788
TRAIN007027,TRAIN006810
TRAIN007107,TRAIN006889
TRAIN007166,TRAIN006944
TRAIN007189,TRAIN006966
TRAIN007194,TRAIN006971
TRAIN007196,TRAIN006973
TRAIN007254,TRAIN007029
TRAIN007344,TRAIN007113
TRAIN007351,TRAIN007119
TRAIN007361,TRAIN007129
TRAIN007385,TRAIN007152
TRAIN007401,TRAIN007167
TRAIN007445,TRAIN007209
TRAIN007457,TRAIN007220
TRAIN007504,TRAIN007265
TRAIN007506,TRAIN007267
TRAIN007514,TRAIN007274
TRAIN007536,TRAIN007295
TRAIN007543,TRAIN007302
TRAIN007562,TRAIN007319
TRAIN007593,TRAIN007349
TRAIN007621,TRAIN007375
TRAIN007646,TRAIN007400
TRAIN007662,TRAIN007414
TRAIN007672,TRAIN007424
TRAIN007704,TRAIN007454
TRAIN007716,TRAIN007466
TRAIN007737,TRAIN007487
TRAIN007762,TRAIN007511
TRAIN007782,TRAIN007531
TRAIN007805,TRAIN007554
TRAIN007812,TRAIN007561
TRAIN007833,TRAIN007582
TRAIN007852,TRAIN007601
TRAIN007856,TRAIN007605
TRAIN007899,TRAIN007648
TRAIN007901,TRAIN007650
TRAIN007942,TRAIN007690
TRAIN007945,TRAIN007693
TRAIN008008,TRAIN007751
TRAIN008200,TRAIN007938
TRAIN008223,TRAIN007957
TRAIN008231,TRAIN007965
TRAIN008246,TRAIN007979
TRAIN008257,TRAIN007989
TRAIN008273,TRAIN008005
TRAIN008341,TRAIN008072
TRAIN008364,TRAIN008093
TRAIN008365,TRAIN008094
TRAIN008398,TRAIN008124
TRAIN008409,TRAIN008134
TRAIN008479,TRAIN008201
TRAIN008482,TRAIN008204
TRAIN008485,TRAIN008207
TRAIN008499,TRAIN008221
TRAIN008512,TRAIN008234
TRAIN008531,TRAIN008250
TRAIN008607,TRAIN008325
TRAIN008626,TRAIN008344
TRAIN008627,TRAIN008345
TRAIN008660,TRAIN008377
TRAIN008664,TRAIN008381
TRAIN008671,TRAIN008388
TRAIN008683,TRAIN008400
TRAIN008709,TRAIN008423
TRAIN008733,TRAIN008447
TRAIN008746,TRAIN008460
TRAIN008814,TRAIN008522
TRAIN008816,TRAIN008524
TRAIN008817,TRAIN008525
TRAIN008860,TRAIN008567
TRAIN008955,TRAIN008659
TRAIN008980,TRAIN008684
TRAIN008984,TRAIN008688
TRAIN008990,TRAIN008694
TRAIN009049,TRAIN008752
TRAIN009050,TRAIN008753
TRAIN009058,TRAIN008761
TRAIN009060,TRAIN008763
TRAIN009086,TRAIN008789
TRAIN009101,TRAIN008804
TRAIN009133,TRAIN008835
TRAIN009182,TRAIN008881
TRAIN009220,TRAIN008917
TRAIN009257,TRAIN008953
TRAIN009333,TRAIN009026
TRAIN009434,TRAIN009120
TRAIN009466,TRAIN009151
TRAIN009487,TRAIN009172
TRAIN009495,TRAIN009180
TRAIN009507,TRAIN009192
TRAIN009522,TRAIN009207
TRAIN009555,TRAIN009238
TRAIN009599,TRAIN009280
TRAIN009600,TRAIN009281
TRAIN009612,TRAIN009293
TRAIN009665,TRAIN009344
TRAIN009714,TRAIN009393
TRAIN009716,TRAIN009395
TRAIN009726,TRAIN009405
TRAIN009736,TRAIN009415
TRAIN009744,TRAIN009422
TRAIN009747,TRAIN009425
TRAIN009856,TRAIN009528
TRAIN009858,TRAIN009530
TRAIN009890,TRAIN009561
TRAIN009902,TRAIN009573
TRAIN009943,TRAIN009613
TRAIN009948,TRAIN009618
TRAIN010073,TRAIN009739
TRAIN010086,TRAIN009750
TRAIN010112,TRAIN009776
TRAIN010140,TRAIN009802
TRAIN010141,TRAIN009803
TRAIN010167,TRAIN009828
TRAIN010169,TRAIN009830
TRAIN010191,TRAIN009851
TRAIN010211,TRAIN009870
TRAIN010268,TRAIN009925
TRAIN010313,TRAIN009970
TRAIN010317,TRAIN009974
TRAIN010368,TRAIN010025
TRAIN010394,TRAIN010051
TRAIN010418,TRAIN010075
TRAIN010420,TRAIN010077
TRAIN010467,TRAIN010122
TRAIN010471,TRAIN010126
TRAIN010507,TRAIN010162
TRAIN010516,TRAIN010171
TRAIN010547,TRAIN010199
TRAIN010574,TRAIN010225
TRAIN010591,TRAIN010241
TRAIN010800,TRAIN010440
TRAIN010807,TRAIN010447
TRAIN010878,TRAIN010517
TRAIN010886,TRAIN010525
TRAIN010903,TRAIN010542
TRAIN010927,TRAIN010565
TRAIN010944,TRAIN010582
TRAIN010967,TRAIN010604
TRAIN010991,TRAIN010627
TRAIN011013,TRAIN010647
TRAIN011015,TRAIN010649
TRAIN011022,TRAIN010655
TRAIN011057,TRAIN010690
TRAIN011082,TRAIN010715
TRAIN011134,TRAIN010766
TRAIN011139,TRAIN010771
TRAIN011149,TRAIN010781
TRAIN011218,TRAIN010848
TRAIN011290,TRAIN010920
TRAIN011337,TRAIN010965
TRAIN011356,TRAIN010984
TRAIN011368,TRAIN010995
TRAIN011382,TRAIN011009
TRAIN011393,TRAIN011020
TRAIN011461,TRAIN011086
TRAIN011541,TRAIN011161
TRAIN011559,TRAIN011177
TRAIN011683,TRAIN011295
TRAIN011706,TRAIN011318
TRAIN011748,TRAIN011357
TRAIN011806,TRAIN011413
TRAIN011836,TRAIN011440
TRAIN011864,TRAIN011467
TRAIN011873,TRAIN011476
TRAIN011883,TRAIN011486
TRAIN011895,TRAIN011497
TRAIN011925,TRAIN011526
TRAIN011944,TRAIN011545
TRAIN011946,TRAIN011547
TRAIN011966,TRAIN011566
TRAIN011990,TRAIN011589
TRAIN011997,TRAIN011596
TRAIN012009,TRAIN011608
TRAIN012034,TRAIN011631
TRAIN012085,TRAIN011682
TRAIN012119,TRAIN011716
TRAIN012147,TRAIN011743
TRAIN012148,TRAIN011744
TRAIN012157,TRAIN011753
TRAIN012169,TRAIN011765
TRAIN012225,TRAIN011819
TRAIN012236,TRAIN011827
TRAIN012244,TRAIN011835
TRAIN012263,TRAIN011853
TRAIN012300,TRAIN011888
TRAIN012323,TRAIN011911
TRAIN012361,TRAIN011947
TRAIN012386,TRAIN011971
TRAIN012429,TRAIN012014
TRAIN012445,TRAIN012030
TRAIN012561,TRAIN012143
TRAIN012597,TRAIN012177
TRAIN012631,TRAIN012209
TRAIN012650,TRAIN012228
TRAIN012651,TRAIN012229
TRAIN012653,TRAIN012231
TRAIN012679,TRAIN012257
TRAIN012689,TRAIN012267
TRAIN012718,TRAIN012296
TRAIN012757,TRAIN012334
TRAIN012759,TRAIN012336
TRAIN012787,TRAIN012363
TRAIN012911,TRAIN012483
TRAIN012930,TRAIN012502
TRAIN012954,TRAIN012526
TRAIN013010,TRAIN012581
TRAIN013020,TRAIN012591
TRAIN013044,TRAIN012613
TRAIN013050,TRAIN012619
TRAIN013160,TRAIN012724
TRAIN013214,TRAIN012778
TRAIN013258,TRAIN012822
TRAIN013282,TRAIN012844
TRAIN013297,TRAIN012859
TRAIN013305,TRAIN012867
TRAIN013420,TRAIN012981
TRAIN013462,TRAIN013022
TRAIN013480,TRAIN013039
TRAIN013499,TRAIN013058
TRAIN013527,TRAIN013084
TRAIN013532,TRAIN013089
TRAIN013581,TRAIN013134
TRAIN013601,TRAIN013154
TRAIN013714,TRAIN013267
TRAIN013727,TRAIN013279
TRAIN013770,TRAIN013319
TRAIN013910,TRAIN013454
TRAIN013924,TRAIN013467
TRAIN013973,TRAIN013514
TRAIN013979,TRAIN013520
TRAIN013996,TRAIN013537
TRAIN014033,TRAIN013573
TRAIN014034,TRAIN013574
TRAIN014037,TRAIN013576
TRAIN014191,TRAIN013724
TRAIN014205,TRAIN013738
TRAIN014214,TRAIN013746
TRAIN014225,TRAIN013757
TRAIN014242,TRAIN013774
TRAIN014344,TRAIN013875
TRAIN014356,TRAIN013887
TRAIN014370,TRAIN013902
TRAIN014387,TRAIN013919
TRAIN014405,TRAIN013937
TRAIN014412,TRAIN013944
TRAIN014471,TRAIN013999
TRAIN014508,TRAIN014036
TRAIN014539,TRAIN014066
TRAIN014594,TRAIN014119
TRAIN014620,TRAIN014144
TRAIN014637,TRAIN014161
TRAIN014643,TRAIN014167
TRAIN014656,TRAIN014179
TRAIN014686,TRAIN014207
TRAIN014804,TRAIN014319
TRAIN014912,TRAIN014420
TRAIN014915,TRAIN014423
TRAIN014939,TRAIN014447
TRAIN014961,TRAIN014467
TRAIN015009,TRAIN014513
TRAIN015061,TRAIN014563
TRAIN015089,TRAIN014589
TRAIN015105,TRAIN014605
TRAIN015151,TRAIN014650
TRAIN015160,TRAIN014659
TRAIN015161,TRAIN014660
TRAIN015221,TRAIN014719
TRAIN015223,TRAIN014721
TRAIN015233,TRAIN014731
TRAIN015261,TRAIN014758
TRAIN015281,TRAIN014777
TRAIN015310,TRAIN014805
TRAIN015367,TRAIN014857
TRAIN015373,TRAIN014863
TRAIN015375,TRAIN014865
TRAIN015397,TRAIN014887
TRAIN015398,TRAIN014888
TRAIN015408,TRAIN014898
TRAIN015459,TRAIN014947
TRAIN015472,TRAIN014959
TRAIN015478,TRAIN014964
TRAIN015483,TRAIN014968
TRAIN015568,TRAIN015049
TRAIN015571,TRAIN015051
TRAIN015595,TRAIN015074
TRAIN015611,TRAIN015088
TRAIN015671,TRAIN015147
TRAIN015741,TRAIN015216
TRAIN015743,TRAIN015218
TRAIN015786,TRAIN015257
TRAIN015798,TRAIN015268
TRAIN015829,TRAIN015298
TRAIN015864,TRAIN015332
TRAIN015871,TRAIN015339
TRAIN015872,TRAIN015340
TRAIN015875,TRAIN015342
TRAIN015886,TRAIN015353
TRAIN015955,TRAIN015419
TRAIN015965,TRAIN015429
TRAIN015996,TRAIN015460
TRAIN016010,TRAIN015474
TRAIN016017,TRAIN015481
TRAIN016030,TRAIN015494
TRAIN016052,TRAIN015513
TRAIN016108,TRAIN015566
TRAIN016109,TRAIN015567
TRAIN016112,TRAIN015570
TRAIN016136,TRAIN015593
TRAIN016140,TRAIN015597
TRAIN016151,TRAIN015607
TRAIN016185,TRAIN015641
TRAIN016220,TRAIN015675
TRAIN016292,TRAIN015746
TRAIN016295,TRAIN015749
TRAIN016319,TRAIN015773
TRAIN016326,TRAIN015780
TRAIN016342,TRAIN015796
TRAIN016361,TRAIN015813
TRAIN016407,TRAIN015857
TRAIN016424,TRAIN015874
TRAIN016480,TRAIN015930
TRAIN016483,TRAIN015933
TRAIN016484,TRAIN015934
TRAIN016595,TRAIN016043
TRAIN016597,TRAIN016045
TRAIN016603,TRAIN016051
TRAIN016606,TRAIN016054
TRAIN016638,TRAIN016082
TRAIN016664,TRAIN016107
TRAIN016687,TRAIN016130
TRAIN016702,TRAIN016145
TRAIN016759,TRAIN016201
TRAIN016847,TRAIN016287
TRAIN016915,TRAIN016351
TRAIN016920,TRAIN016356
TRAIN016930,TRAIN016366
TRAIN017109,TRAIN016542
TRAIN017144,TRAIN016577
TRAIN017178,TRAIN016609
TRAIN017190,TRAIN016621
TRAIN017197,TRAIN016627
TRAIN017206,TRAIN016636
TRAIN017225,TRAIN016654
TRAIN017292,TRAIN016721
TRAIN017351,TRAIN016780
TRAIN017359,TRAIN016788
TRAIN017431,TRAIN016858
TRAIN017434,TRAIN016861
TRAIN017436,TRAIN016863
TRAIN017488,TRAIN016910
TRAIN017582,TRAIN016997
TRAIN017592,TRAIN017007
TRAIN017655,TRAIN017068
TRAIN017695,TRAIN017108
TRAIN017752,TRAIN017162
TRAIN017755,TRAIN017165
TRAIN017781,TRAIN017191
TRAIN017804,TRAIN017213
TRAIN017997,TRAIN017395
TRAIN018007,TRAIN017405
TRAIN018053,TRAIN017449
TRAIN018062,TRAIN017458
TRAIN018068,TRAIN017462
TRAIN018084,TRAIN017478
TRAIN018086,TRAIN017480
TRAIN018096,TRAIN017490
TRAIN018099,TRAIN017493
TRAIN018105,TRAIN017499
TRAIN018128,TRAIN017521
TRAIN018155,TRAIN017547
TRAIN018173,TRAIN017565
TRAIN018175,TRAIN017567
TRAIN018240,TRAIN017631
TRAIN018241,TRAIN017632
TRAIN018313,TRAIN017704
TRAIN018321,TRAIN017712
TRAIN018346,TRAIN017735
TRAIN018416,TRAIN017801
TRAIN018456,TRAIN017839
TRAIN018462,TRAIN017845
TRAIN018463,TRAIN017846
TRAIN018496,TRAIN017878
TRAIN018507,TRAIN017888
TRAIN018509,TRAIN017890
TRAIN018520,TRAIN017899
TRAIN018525,TRAIN017904
TRAIN018548,TRAIN017926
TRAIN018551,TRAIN017929
TRAIN018615,TRAIN017992
TRAIN018642,TRAIN018017
TRAIN018654,TRAIN018028
TRAIN018691,TRAIN018064
TRAIN018693,TRAIN018066
TRAIN018756,TRAIN018127
TRAIN018763,TRAIN018134
TRAIN018864,TRAIN018233
TRAIN018957,TRAIN018322
TRAIN018959,TRAIN018324
TRAIN019004,TRAIN018367
TRAIN019007,TRAIN018370
TRAIN019030,TRAIN018393
TRAIN019046,TRAIN018408
TRAIN019060,TRAIN018422
TRAIN019072,TRAIN018434
TRAIN019105,TRAIN018466
TRAIN019140,TRAIN018499
TRAIN019154,TRAIN018513
TRAIN019160,TRAIN018518
TRAIN019184,TRAIN018541
TRAIN019237,TRAIN018594
TRAIN019260,TRAIN018617
TRAIN019271,TRAIN018628
TRAIN019288,TRAIN018645
TRAIN019314,TRAIN018671
TRAIN019353,TRAIN018709
TRAIN019358,TRAIN018714
TRAIN019495,TRAIN018843
TRAIN019538,TRAIN018887
TRAIN019569,TRAIN018918
TRAIN019583,TRAIN018932
TRAIN019590,TRAIN018939
TRAIN019636,TRAIN018983
TRAIN019638,TRAIN018985
TRAIN019690,TRAIN019036
TRAIN019754,TRAIN019098
TRAIN019770,TRAIN019113
TRAIN019783,TRAIN019125
TRAIN019816,TRAIN019158
TRAIN019828,TRAIN019170
TRAIN020014,TRAIN019350
TRAIN020033,TRAIN019369
TRAIN020036,TRAIN019372
TRAIN020065,TRAIN019400
TRAIN020070,TRAIN019405
TRAIN020079,TRAIN019414
TRAIN020083,TRAIN019418
TRAIN020151,TRAIN019484
TRAIN020162,TRAIN019493
TRAIN020278,TRAIN019605
TRAIN020308,TRAIN019634
TRAIN020357,TRAIN019682
TRAIN020376,TRAIN019701
TRAIN020417,TRAIN019741
TRAIN020436,TRAIN019758
TRAIN020460,TRAIN019782
TRAIN020519,TRAIN019841
TRAIN020573,TRAIN019893
TRAIN020580,TRAIN019900
TRAIN020640,TRAIN019959
TRAIN020654,TRAIN019973
TRAIN020658,TRAIN019977
TRAIN020744,TRAIN020062
TRAIN020801,TRAIN020117
TRAIN020822,TRAIN020138
TRAIN020839,TRAIN020154
TRAIN020845,TRAIN020160
TRAIN020910,TRAIN020224
TRAIN020913,TRAIN020227
TRAIN020921,TRAIN020235
TRAIN020934,TRAIN020247
TRAIN020991,TRAIN020303
TRAIN021002,TRAIN020313
TRAIN021097,TRAIN020404
TRAIN021118,TRAIN020425
TRAIN021123,TRAIN020430
TRAIN021231,TRAIN020535
TRAIN021243,TRAIN020546
TRAIN021312,TRAIN020615
TRAIN021406,TRAIN020707
TRAIN021479,TRAIN020777
TRAIN021503,TRAIN020798
TRAIN021541,TRAIN020834
TRAIN021570,TRAIN020862
TRAIN021636,TRAIN020925
TRAIN021692,TRAIN020978
TRAIN021709,TRAIN020995
TRAIN021759,TRAIN021045
TRAIN021766,TRAIN021052
TRAIN021776,TRAIN021062
TRAIN021784,TRAIN021070
TRAIN021841,TRAIN021124
TRAIN021860,TRAIN021143
TRAIN021874,TRAIN021157
TRAIN021961,TRAIN021240
TRAIN022051,TRAIN021329
TRAIN022081,TRAIN021358
TRAIN022152,TRAIN021427
TRAIN022154,TRAIN021429
TRAIN022190,TRAIN021464
TRAIN022215,TRAIN021488
TRAIN022221,TRAIN021494
TRAIN022226,TRAIN021499
TRAIN022237,TRAIN021510
TRAIN022241,TRAIN021514
TRAIN022290,TRAIN021563
TRAIN022329,TRAIN021598
TRAIN022346,TRAIN021614
TRAIN022358,TRAIN021625
TRAIN022380,TRAIN021645
TRAIN022397,TRAIN021661
TRAIN022405,TRAIN021669
TRAIN022549,TRAIN021812
TRAIN022563,TRAIN021825
TRAIN022569,TRAIN021830
TRAIN022622,TRAIN021880
TRAIN022632,TRAIN021889
TRAIN022645,TRAIN021902
TRAIN022673,TRAIN021930
TRAIN022727,TRAIN021982
TRAIN022814,TRAIN022068
TRAIN022841,TRAIN022093
TRAIN022893,TRAIN022144
TRAIN022905,TRAIN022156
TRAIN022958,TRAIN022204
TRAIN023057,TRAIN022298
TRAIN023060,TRAIN022300
TRAIN023061,TRAIN022301
TRAIN023076,TRAIN022316
TRAIN023101,TRAIN022341
TRAIN023111,TRAIN022351
TRAIN023121,TRAIN022359
TRAIN023124,TRAIN022362
TRAIN023152,TRAIN022388
TRAIN023304,TRAIN022535
TRAIN023333,TRAIN022561
TRAIN023337,TRAIN022565
TRAIN023361,TRAIN022589
TRAIN023379,TRAIN022607
TRAIN023392,TRAIN022620
TRAIN023400,TRAIN022627
TRAIN023450,TRAIN022674
TRAIN023492,TRAIN022714
TRAIN023587,TRAIN022805
TRAIN023602,TRAIN022818
TRAIN023622,TRAIN022838
TRAIN023677,TRAIN022891
TRAIN023710,TRAIN022922
TRAIN023711,TRAIN022923
TRAIN023723,TRAIN022934
TRAIN023730,TRAIN022940
TRAIN023743,TRAIN022951
TRAIN023773,TRAIN022979
TRAIN023787,TRAIN022991
TRAIN023831,TRAIN023035
TRAIN023838,TRAIN023042
TRAIN023847,TRAIN023050
TRAIN023855,TRAIN023058
TRAIN023913,TRAIN023115
TRAIN023915,TRAIN023117
TRAIN023929,TRAIN023129
TRAIN023945,TRAIN023145
TRAIN023968,TRAIN023166
TRAIN024001,TRAIN023197
TRAIN024026,TRAIN023220
TRAIN024052,TRAIN023245
TRAIN024083,TRAIN023274
TRAIN024116,TRAIN023307
TRAIN024120,TRAIN023311
TRAIN024124,TRAIN023315
TRAIN024207,TRAIN023397
TRAIN024212,TRAIN023402
TRAIN024244,TRAIN023434
TRAIN024250,TRAIN023439
TRAIN024268,TRAIN023457
TRAIN024287,TRAIN023475
TRAIN024318,TRAIN023505
TRAIN024345,TRAIN023530
TRAIN024378,TRAIN023561
TRAIN024392,TRAIN023573
TRAIN024416,TRAIN023595
TRAIN024423,TRAIN023601
TRAIN024451,TRAIN023628
TRAIN024453,TRAIN023630
TRAIN024510,TRAIN023682
TRAIN024536,TRAIN023707
TRAIN024551,TRAIN023722
TRAIN024557,TRAIN023728
TRAIN024561,TRAIN023732
TRAIN024562,TRAIN023733
TRAIN024575,TRAIN023745
TRAIN024577,TRAIN023747
TRAIN024609,TRAIN023777
TRAIN024610,TRAIN023778
TRAIN024674,TRAIN023841
TRAIN024734,TRAIN023898
TRAIN024754,TRAIN023918
TRAIN024755,TRAIN023919
TRAIN024798,TRAIN023962
TRAIN024802,TRAIN023966
TRAIN024808,TRAIN023972
TRAIN024834,TRAIN023998
TRAIN024845,TRAIN024009
TRAIN024857,TRAIN024020
TRAIN024881,TRAIN024044
TRAIN024892,TRAIN024054
TRAIN024895,TRAIN024057
TRAIN024988,TRAIN024146
TRAIN025094,TRAIN024248
TRAIN025133,TRAIN024284
TRAIN025151,TRAIN024300
TRAIN025173,TRAIN024322
TRAIN025177,TRAIN024326
TRAIN025207,TRAIN024356
TRAIN025210,TRAIN024359
TRAIN025231,TRAIN024379
TRAIN025235,TRAIN024382
TRAIN025264,TRAIN024409
TRAIN025265,TRAIN024410
TRAIN025277,TRAIN024422
TRAIN025289,TRAIN024433
TRAIN025315,TRAIN024459
TRAIN025318,TRAIN024462
TRAIN025333,TRAIN024475
TRAIN025364,TRAIN024504
TRAIN025367,TRAIN024507
TRAIN025390,TRAIN024530
TRAIN025432,TRAIN024570
TRAIN025442,TRAIN024580
TRAIN025466,TRAIN024604
TRAIN025535,TRAIN024672
TRAIN025543,TRAIN024680
TRAIN025551,TRAIN024688
TRAIN025563,TRAIN024699
TRAIN025724,TRAIN024856
TRAIN025751,TRAIN024882
TRAIN025788,TRAIN024917
TRAIN025802,TRAIN024930
TRAIN025851,TRAIN024976
TRAIN025853,TRAIN024978
TRAIN025885,TRAIN025010
TRAIN025909,TRAIN025034
TRAIN025924,TRAIN025049
TRAIN025939,TRAIN025064
TRAIN025993,TRAIN025115
TRAIN025995,TRAIN025117
TRAIN026007,TRAIN025128
TRAIN026016,TRAIN025137
TRAIN026024,TRAIN025145
TRAIN026100,TRAIN025215
TRAIN026119,TRAIN025234
TRAIN026143,TRAIN025257
TRAIN026150,TRAIN025263
TRAIN026176,TRAIN025288
TRAIN026214,TRAIN025326
TRAIN026216,TRAIN025328
TRAIN026239,TRAIN025351
TRAIN026240,TRAIN025352
TRAIN026310,TRAIN025419
TRAIN026318,TRAIN025427
TRAIN026381,TRAIN025487
TRAIN026456,TRAIN025560
TRAIN026504,TRAIN025607
TRAIN026534,TRAIN025636
TRAIN026549,TRAIN025651
TRAIN026598,TRAIN025699
TRAIN026647,TRAIN025747
TRAIN026656,TRAIN025756
TRAIN026662,TRAIN025762
TRAIN026701,TRAIN025799
TRAIN026706,TRAIN025804
TRAIN026743,TRAIN025838
TRAIN026753,TRAIN025848
TRAIN026860,TRAIN025950
TRAIN026865,TRAIN025955
TRAIN026876,TRAIN025966
TRAIN026916,TRAIN026004
TRAIN026938,TRAIN026026
TRAIN026954,TRAIN026042
TRAIN026991,TRAIN026078
TRAIN026992,TRAIN026079
TRAIN026999,TRAIN026086
TRAIN027009,TRAIN026096
TRAIN027047,TRAIN026132
TRAIN027060,TRAIN026145
TRAIN027081,TRAIN026165
TRAIN027160,TRAIN026241
TRAIN027188,TRAIN026266
TRAIN027209,TRAIN026287
TRAIN027260,TRAIN026338
TRAIN027279,TRAIN026355
TRAIN027290,TRAIN026366
TRAIN027321,TRAIN026397
TRAIN027337,TRAIN026413
TRAIN027410,TRAIN026484
TRAIN027453,TRAIN026524
TRAIN027498,TRAIN026567
TRAIN027578,TRAIN026646
TRAIN027605,TRAIN026673
TRAIN027616,TRAIN026684
TRAIN027652,TRAIN026719
TRAIN027653,TRAIN026720
TRAIN027670,TRAIN026737
TRAIN027691,TRAIN026758
TRAIN027700,TRAIN026767
TRAIN027729,TRAIN026794
TRAIN027746,TRAIN026809
TRAIN027755,TRAIN026818
TRAIN027817,TRAIN026879
TRAIN027822,TRAIN026884
TRAIN027904,TRAIN026966
TRAIN027970,TRAIN027031
TRAIN027984,TRAIN027045
TRAIN028002,TRAIN027063
TRAIN028049,TRAIN027108
TRAIN028072,TRAIN027130
TRAIN028088,TRAIN027146
TRAIN028106,TRAIN027164
TRAIN028117,TRAIN027175
TRAIN028121,TRAIN027179
TRAIN028206,TRAIN027261
TRAIN028211,TRAIN027266
TRAIN028300,TRAIN027349
TRAIN028306,TRAIN027355
TRAIN028382,TRAIN027426
TRAIN028390,TRAIN027434
TRAIN028392,TRAIN027436
TRAIN028431,TRAIN027475
TRAIN028439,TRAIN027483
TRAIN028458,TRAIN027500
TRAIN028585,TRAIN027626
TRAIN028664,TRAIN027704
TRAIN028690,TRAIN027728
TRAIN028693,TRAIN027731
TRAIN028695,TRAIN027733
TRAIN028727,TRAIN027765
TRAIN028916,TRAIN027947
TRAIN028985,TRAIN028012
TRAIN029001,TRAIN028028
TRAIN029046,TRAIN028069
TRAIN029141,TRAIN028162
TRAIN029169,TRAIN028190
TRAIN029170,TRAIN028191
TRAIN029230,TRAIN028247
TRAIN029243,TRAIN028260
TRAIN029261,TRAIN028278
TRAIN029264,TRAIN028281
TRAIN029265,TRAIN028282
TRAIN029274,TRAIN028291
TRAIN029312,TRAIN028328
TRAIN029316,TRAIN028332
TRAIN029330,TRAIN028346
TRAIN029345,TRAIN028361
TRAIN029352,TRAIN028368
TRAIN029433,TRAIN028447
TRAIN029440,TRAIN028453
TRAIN029588,TRAIN028596
TRAIN029661,TRAIN028669
TRAIN029675,TRAIN028683
TRAIN029722,TRAIN028729
TRAIN029749,TRAIN028756
TRAIN029761,TRAIN028768
TRAIN029797,TRAIN028802
TRAIN029837,TRAIN028841
TRAIN029861,TRAIN028864
TRAIN029938,TRAIN028939
TRAIN029963,TRAIN028964
TRAIN029969,TRAIN028970
TRAIN029980,TRAIN028981
TRAIN030008,TRAIN029009
TRAIN030023,TRAIN029022
TRAIN030027,TRAIN029026
TRAIN030034,TRAIN029033
TRAIN030081,TRAIN029079
TRAIN030121,TRAIN029118
TRAIN030180,TRAIN029175
TRAIN030194,TRAIN029188
TRAIN030212,TRAIN029205
TRAIN030215,TRAIN029208
TRAIN030286,TRAIN029275
TRAIN030386,TRAIN029373
TRAIN030413,TRAIN029399
TRAIN030451,TRAIN029436
TRAIN030462,TRAIN029447
TRAIN030488,TRAIN029471
TRAIN030519,TRAIN029500
TRAIN030547,TRAIN029527
TRAIN030552,TRAIN029532
TRAIN030598,TRAIN029578
TRAIN030737,TRAIN029709
TRAIN030768,TRAIN029739
TRAIN030791,TRAIN029762
TRAIN030814,TRAIN029785
TRAIN030847,TRAIN029814
TRAIN030888,TRAIN029854
TRAIN030944,TRAIN029909
TRAIN030974,TRAIN029937
TRAIN031053,TRAIN030012
TRAIN031054,TRAIN030013
TRAIN031080,TRAIN030039
TRAIN031153,TRAIN030110
TRAIN031168,TRAIN030125
TRAIN031178,TRAIN030135
TRAIN031237,TRAIN030192
TRAIN031245,TRAIN030200
TRAIN031261,TRAIN030216
TRAIN031264,TRAIN030219
TRAIN031277,TRAIN030231
TRAIN031324,TRAIN030276
TRAIN031377,TRAIN030328
TRAIN031398,TRAIN030349
TRAIN031460,TRAIN030410
TRAIN031486,TRAIN030435
TRAIN031536,TRAIN030481
TRAIN031542,TRAIN030487
TRAIN031574,TRAIN030517
TRAIN031575,TRAIN030518
TRAIN031603,TRAIN030546
TRAIN031698,TRAIN030639
TRAIN031704,TRAIN030645
TRAIN031705,TRAIN030646
TRAIN031716,TRAIN030657
TRAIN031719,TRAIN030660
TRAIN031720,TRAIN030661
TRAIN031726,TRAIN030667
TRAIN031728,TRAIN030669
TRAIN031820,TRAIN030760
TRAIN031892,TRAIN030829
TRAIN031893,TRAIN030830
TRAIN031894,TRAIN030831
TRAIN031897,TRAIN030834
TRAIN031916,TRAIN030852
TRAIN032005,TRAIN030934
TRAIN032025,TRAIN030953
TRAIN032029,TRAIN030957
TRAIN032053,TRAIN030980
TRAIN032072,TRAIN030997
TRAIN032089,TRAIN031013
TRAIN032097,TRAIN031021
TRAIN032202,TRAIN031123
TRAIN032221,TRAIN031140
TRAIN032283,TRAIN031199
TRAIN032316,TRAIN031231
TRAIN032359,TRAIN031274
TRAIN032374,TRAIN031289
TRAIN032375,TRAIN031290
TRAIN032418,TRAIN031333
TRAIN032515,TRAIN031427
TRAIN032572,TRAIN031483
TRAIN032584,TRAIN031494
TRAIN032597,TRAIN031506
TRAIN032604,TRAIN031512
TRAIN032610,TRAIN031517
TRAIN032650,TRAIN031557
TRAIN032666,TRAIN031572
TRAIN032715,TRAIN031621
TRAIN032786,TRAIN031688
TRAIN032867,TRAIN031764
TRAIN032967,TRAIN031860
TRAIN032980,TRAIN031873
TRAIN032997,TRAIN031888
TRAIN033023,TRAIN031913
TRAIN033040,TRAIN031929
TRAIN033057,TRAIN031946
TRAIN033060,TRAIN031949
TRAIN033069,TRAIN031957
TRAIN033079,TRAIN031966
TRAIN033108,TRAIN031995
TRAIN033115,TRAIN032002
TRAIN033135,TRAIN032022
TRAIN033164,TRAIN032050
TRAIN033180,TRAIN032065
TRAIN033181,TRAIN032066
TRAIN033191,TRAIN032076
TRAIN033218,TRAIN032101
TRAIN033245,TRAIN032128
TRAIN033258,TRAIN032141
TRAIN033336,TRAIN032214
TRAIN033340,TRAIN032218
TRAIN033372,TRAIN032250
TRAIN033396,TRAIN032272
TRAIN033432,TRAIN032308
TRAIN033558,TRAIN032428
TRAIN033567,TRAIN032436
TRAIN033639,TRAIN032503
TRAIN033697,TRAIN032556
TRAIN033721,TRAIN032580
TRAIN033737,TRAIN032595
TRAIN033746,TRAIN032603
TRAIN033750,TRAIN032607
TRAIN033803,TRAIN032657
TRAIN033876,TRAIN032729
TRAIN033897,TRAIN032749
TRAIN033903,TRAIN032755
TRAIN033913,TRAIN032765
TRAIN033951,TRAIN032803
TRAIN033952,TRAIN032804
TRAIN033955,TRAIN032806
TRAIN033983,TRAIN032833
TRAIN034018,TRAIN032866
TRAIN034042,TRAIN032887
TRAIN034088,TRAIN032931
TRAIN034094,TRAIN032937
TRAIN034104,TRAIN032947
TRAIN034141,TRAIN032984
TRAIN034153,TRAIN032996
TRAIN034177,TRAIN033019
TRAIN034196,TRAIN033038
TRAIN034224,TRAIN033062
TRAIN034234,TRAIN033072
TRAIN034306,TRAIN033140
TRAIN034338,TRAIN033172
TRAIN034376,TRAIN033207
TRAIN034377,TRAIN033208
TRAIN034454,TRAIN033282
TRAIN034456,TRAIN033284
TRAIN034468,TRAIN033296
TRAIN034470,TRAIN033298
TRAIN034489,TRAIN033316
TRAIN034547,TRAIN033374
TRAIN034568,TRAIN033393
TRAIN034573,TRAIN033397
TRAIN034635,TRAIN033458
TRAIN034639,TRAIN033462
TRAIN034641,TRAIN033464
TRAIN034668,TRAIN033490
TRAIN034677,TRAIN033498
TRAIN034724,TRAIN033544
TRAIN034746,TRAIN033565
TRAIN034759,TRAIN033578
TRAIN034782,TRAIN033601
TRAIN034783,TRAIN033602
TRAIN034795,TRAIN033614
TRAIN034819,TRAIN033636
TRAIN034830,TRAIN033647
TRAIN034840,TRAIN033657
TRAIN034850,TRAIN033667
TRAIN034853,TRAIN033670
TRAIN034879,TRAIN033695
TRAIN034911,TRAIN033726
TRAIN034924,TRAIN033738
TRAIN034945,TRAIN033759
TRAIN034960,TRAIN033774
TRAIN034991,TRAIN033802
TRAIN035034,TRAIN033841
TRAIN035079,TRAIN033885
TRAIN035148,TRAIN033954
TRAIN035170,TRAIN033976
TRAIN035191,TRAIN033993
TRAIN035199,TRAIN034001
TRAIN035223,TRAIN034025
TRAIN035225,TRAIN034027
TRAIN035228,TRAIN034030
TRAIN035249,TRAIN034050
TRAIN035279,TRAIN034079
TRAIN035367,TRAIN034164
TRAIN035401,TRAIN034197
TRAIN035412,TRAIN034208
TRAIN035417,TRAIN034213
TRAIN035425,TRAIN034221
TRAIN035466,TRAIN034258
TRAIN035467,TRAIN034259
TRAIN035480,TRAIN034272
TRAIN035494,TRAIN034286
TRAIN035552,TRAIN034342
TRAIN035554,TRAIN034344
TRAIN035576,TRAIN034365
TRAIN035594,TRAIN034383
TRAIN035645,TRAIN034433
TRAIN035646,TRAIN034434
TRAIN035698,TRAIN034485
TRAIN035765,TRAIN034549
TRAIN035772,TRAIN034556
TRAIN035822,TRAIN034606
TRAIN035865,TRAIN034649
TRAIN035885,TRAIN034669
TRAIN035934,TRAIN034716
TRAIN035944,TRAIN034725
TRAIN036021,TRAIN034796
TRAIN036031,TRAIN034806
TRAIN036104,TRAIN034877
TRAIN036129,TRAIN034902
TRAIN036149,TRAIN034922
TRAIN036200,TRAIN034973
TRAIN036204,TRAIN034977
TRAIN036213,TRAIN034986
TRAIN036219,TRAIN034992
TRAIN036241,TRAIN035014
TRAIN036254,TRAIN035025
TRAIN036256,TRAIN035027
TRAIN036291,TRAIN035062
TRAIN036406,TRAIN035171
TRAIN036410,TRAIN035175
TRAIN036416,TRAIN035181
TRAIN036420,TRAIN035185
TRAIN036467,TRAIN035231
TRAIN036511,TRAIN035274
TRAIN036558,TRAIN035318
TRAIN036564,TRAIN035324
TRAIN036587,TRAIN035346
TRAIN036630,TRAIN035388
TRAIN036671,TRAIN035427
TRAIN036674,TRAIN035430
TRAIN036691,TRAIN035446
TRAIN036704,TRAIN035459
TRAIN036750,TRAIN035503
TRAIN036793,TRAIN035545
TRAIN036816,TRAIN035567
TRAIN036882,TRAIN035630
TRAIN036955,TRAIN035697
TRAIN036972,TRAIN035713
TRAIN036981,TRAIN035721
TRAIN037022,TRAIN035758
TRAIN037078,TRAIN035814
TRAIN037176,TRAIN035910
TRAIN037184,TRAIN035918
TRAIN037206,TRAIN035939
TRAIN037217,TRAIN035949
TRAIN037243,TRAIN035974
TRAIN037263,TRAIN035992
TRAIN037264,TRAIN035993
TRAIN037266,TRAIN035995
TRAIN037278,TRAIN036007
TRAIN037319,TRAIN036047
TRAIN037337,TRAIN036065
TRAIN037520,TRAIN036243
TRAIN037528,TRAIN036251
TRAIN037577,TRAIN036298
TRAIN037593,TRAIN036314
TRAIN037611,TRAIN036331
TRAIN037626,TRAIN036346
TRAIN037662,TRAIN036381
TRAIN037678,TRAIN036397
TRAIN037733,TRAIN036448
TRAIN037763,TRAIN036478
TRAIN037812,TRAIN036527
TRAIN037824,TRAIN036538
TRAIN037838,TRAIN036552
TRAIN037865,TRAIN036579
TRAIN037894,TRAIN036606
TRAIN037940,TRAIN036648
TRAIN037955,TRAIN036662
TRAIN037979,TRAIN036685
TRAIN038026,TRAIN036732
TRAIN038029,TRAIN036735
TRAIN038065,TRAIN036769
TRAIN038104,TRAIN036807
TRAIN038149,TRAIN036851
TRAIN038158,TRAIN036860
TRAIN038159,TRAIN036861
TRAIN038188,TRAIN036888
TRAIN038220,TRAIN036919
TRAIN038225,TRAIN036924
TRAIN038228,TRAIN036927
TRAIN038235,TRAIN036933
TRAIN038242,TRAIN036940
TRAIN038263,TRAIN036961
TRAIN038277,TRAIN036975
TRAIN038306,TRAIN037004
TRAIN038308,TRAIN037006
TRAIN038315,TRAIN037013
TRAIN038323,TRAIN037020
TRAIN038473,TRAIN037166
TRAIN038477,TRAIN037170
TRAIN038505,TRAIN037198
TRAIN038521,TRAIN037210
TRAIN038536,TRAIN037224
TRAIN038563,TRAIN037251
TRAIN038571,TRAIN037259
TRAIN038594,TRAIN037282
TRAIN038654,TRAIN037339
TRAIN038721,TRAIN037403
TRAIN038782,TRAIN037460
TRAIN038807,TRAIN037485
TRAIN038829,TRAIN037504
TRAIN038861,TRAIN037536
TRAIN038863,TRAIN037538
TRAIN038932,TRAIN037605
TRAIN038956,TRAIN037628
TRAIN039025,TRAIN037695
TRAIN039044,TRAIN037714
TRAIN039052,TRAIN037722
TRAIN039062,TRAIN037732
TRAIN039149,TRAIN037816
TRAIN039204,TRAIN037870
TRAIN039222,TRAIN037888
TRAIN039256,TRAIN037921
TRAIN039260,TRAIN037924
TRAIN039274,TRAIN037936
TRAIN039275,TRAIN037937
TRAIN039290,TRAIN037952
TRAIN039316,TRAIN037976
TRAIN039392,TRAIN038050
TRAIN039394,TRAIN038052
TRAIN039445,TRAIN038101
TRAIN039460,TRAIN038116
TRAIN039510,TRAIN038166
TRAIN039531,TRAIN038187
TRAIN039553,TRAIN038209
TRAIN039574,TRAIN038230
TRAIN039667,TRAIN038322
TRAIN039695,TRAIN038347
TRAIN039696,TRAIN038348
TRAIN039788,TRAIN038437
TRAIN039789,TRAIN038438
TRAIN039859,TRAIN038507
TRAIN039860,TRAIN038508
TRAIN039866,TRAIN038514
TRAIN039867,TRAIN038515
TRAIN039880,TRAIN038528
TRAIN039978,TRAIN038625
TRAIN039979,TRAIN038626
TRAIN040002,TRAIN038649
TRAIN040046,TRAIN038692
TRAIN040058,TRAIN038703
TRAIN040073,TRAIN038717
TRAIN040109,TRAIN038752
TRAIN040122,TRAIN038765
TRAIN040123,TRAIN038766
TRAIN040128,TRAIN038771
TRAIN040170,TRAIN038813
TRAIN040174,TRAIN038817
TRAIN040177,TRAIN038820
TRAIN040242,TRAIN038883
TRAIN040270,TRAIN038911
TRAIN040301,TRAIN038939
TRAIN040325,TRAIN038962
TRAIN040371,TRAIN039008
TRAIN040443,TRAIN039079
TRAIN040489,TRAIN039124
TRAIN040499,TRAIN039134
TRAIN040519,TRAIN039154
TRAIN040600,TRAIN039229
TRAIN040628,TRAIN039257
TRAIN040642,TRAIN039271
TRAIN040643,TRAIN039272
TRAIN040665,TRAIN039293
TRAIN040671,TRAIN039299
TRAIN040727,TRAIN039355
TRAIN040762,TRAIN039388
TRAIN040787,TRAIN039412
TRAIN040803,TRAIN039428
TRAIN040990,TRAIN039609
TRAIN041050,TRAIN039668
TRAIN041051,TRAIN039669
TRAIN041071,TRAIN039689
TRAIN041122,TRAIN039739
TRAIN041127,TRAIN039744
TRAIN041133,TRAIN039750
TRAIN041196,TRAIN039811
TRAIN041365,TRAIN039975
TRAIN041414,TRAIN040023
TRAIN041441,TRAIN040049
TRAIN041451,TRAIN040059
TRAIN041475,TRAIN040083
TRAIN041570,TRAIN040178
TRAIN041605,TRAIN040212
TRAIN041680,TRAIN040285
TRAIN041688,TRAIN040292
TRAIN041696,TRAIN040300
TRAIN041705,TRAIN040307
TRAIN041811,TRAIN040410
TRAIN041853,TRAIN040450
TRAIN041935,TRAIN040527
TRAIN041940,TRAIN040532
TRAIN041970,TRAIN040558
TRAIN041982,TRAIN040570
TRAIN041985,TRAIN040573
TRAIN042006,TRAIN040593
TRAIN042062,TRAIN040647
TRAIN042149,TRAIN040730
TRAIN042163,TRAIN040744
TRAIN042195,TRAIN040774
TRAIN042238,TRAIN040815
TRAIN042291,TRAIN040865
TRAIN042339,TRAIN040912
TRAIN042346,TRAIN040919
TRAIN042355,TRAIN040928
TRAIN042370,TRAIN040943
TRAIN042439,TRAIN041010
TRAIN042549,TRAIN041115
TRAIN042569,TRAIN041135
TRAIN042593,TRAIN041158
TRAIN042653,TRAIN041215
TRAIN042675,TRAIN041237
TRAIN042716,TRAIN041278
TRAIN042787,TRAIN041345
TRAIN042806,TRAIN041364
TRAIN042817,TRAIN041375
TRAIN042870,TRAIN041427
TRAIN043045,TRAIN041598
TRAIN043086,TRAIN041636
TRAIN043124,TRAIN041672
TRAIN043138,TRAIN041686
TRAIN043152,TRAIN041699
TRAIN043153,TRAIN041700
TRAIN043167,TRAIN041713
TRAIN043203,TRAIN041747
TRAIN043208,TRAIN041752
TRAIN043308,TRAIN041848
TRAIN043312,TRAIN041852
TRAIN043331,TRAIN041869
TRAIN043341,TRAIN041879
TRAIN043356,TRAIN041894
TRAIN043361,TRAIN041899
TRAIN043373,TRAIN041911
TRAIN043416,TRAIN041953
TRAIN043418,TRAIN041955
TRAIN043426,TRAIN041963
TRAIN043431,TRAIN041968
TRAIN043469,TRAIN042005
TRAIN043474,TRAIN042010
TRAIN043479,TRAIN042015
TRAIN043546,TRAIN042078
TRAIN043589,TRAIN042119
TRAIN043601,TRAIN042131
TRAIN043612,TRAIN042142
TRAIN043649,TRAIN042178
TRAIN043666,TRAIN042194
TRAIN043676,TRAIN042204
TRAIN043685,TRAIN042213
TRAIN043733,TRAIN042261
TRAIN043740,TRAIN042267
TRAIN043751,TRAIN042278
TRAIN043804,TRAIN042331
TRAIN043855,TRAIN042382
TRAIN043864,TRAIN042391
TRAIN043921,TRAIN042445
TRAIN043933,TRAIN042457
TRAIN043963,TRAIN042486
TRAIN043964,TRAIN042487
TRAIN043992,TRAIN042512
TRAIN044072,TRAIN042590
TRAIN044092,TRAIN042606
TRAIN044099,TRAIN042613
TRAIN044138,TRAIN042651
TRAIN044270,TRAIN042779
TRAIN044272,TRAIN042781
TRAIN044273,TRAIN042782
TRAIN044276,TRAIN042785
TRAIN044312,TRAIN042820
TRAIN044401,TRAIN042907
TRAIN044435,TRAIN042941
TRAIN044465,TRAIN042970
TRAIN044483,TRAIN042988
TRAIN044549,TRAIN043052
TRAIN044561,TRAIN043064
TRAIN044563,TRAIN043066
TRAIN044604,TRAIN043106
TRAIN044619,TRAIN043121
TRAIN044648,TRAIN043148
TRAIN044656,TRAIN043156
TRAIN044686,TRAIN043185
TRAIN044693,TRAIN043192
TRAIN044748,TRAIN043244
TRAIN044763,TRAIN043258
TRAIN044778,TRAIN043273
TRAIN044812,TRAIN043305
TRAIN044822,TRAIN043314
TRAIN044830,TRAIN043322
TRAIN044884,TRAIN043375
TRAIN044975,TRAIN043460
TRAIN045009,TRAIN043492
TRAIN045028,TRAIN043511
TRAIN045031,TRAIN043514
TRAIN045050,TRAIN043532
TRAIN045075,TRAIN043557
TRAIN045106,TRAIN043588
TRAIN045163,TRAIN043643
TRAIN045178,TRAIN043656
TRAIN045266,TRAIN043739
TRAIN045432,TRAIN043900
TRAIN045437,TRAIN043905
TRAIN045449,TRAIN043916
TRAIN045477,TRAIN043943
TRAIN045501,TRAIN043967
TRAIN045511,TRAIN043976
TRAIN045526,TRAIN043990
TRAIN045538,TRAIN044002
TRAIN045596,TRAIN044058
TRAIN045611,TRAIN044073
TRAIN045620,TRAIN044082
TRAIN045626,TRAIN044087
TRAIN045627,TRAIN044088
TRAIN045643,TRAIN044103
TRAIN045727,TRAIN044183
TRAIN045756,TRAIN044212
TRAIN045773,TRAIN044228
TRAIN045798,TRAIN044253
TRAIN045832,TRAIN044285
TRAIN045877,TRAIN044328
TRAIN045902,TRAIN044352
TRAIN045999,TRAIN044445
TRAIN046053,TRAIN044496
TRAIN046105,TRAIN044546
TRAIN046139,TRAIN044579
TRAIN046189,TRAIN044627
TRAIN046190,TRAIN044628
TRAIN046234,TRAIN044672
TRAIN046261,TRAIN044698
TRAIN046270,TRAIN044707
TRAIN046273,TRAIN044710
TRAIN046324,TRAIN044759
TRAIN046348,TRAIN044782
TRAIN046361,TRAIN044795
TRAIN046385,TRAIN044818
TRAIN046439,TRAIN044870
TRAIN046458,TRAIN044888
TRAIN046471,TRAIN044901
TRAIN046480,TRAIN044910
TRAIN046506,TRAIN044935
TRAIN046541,TRAIN044969
TRAIN046544,TRAIN044972
TRAIN046554,TRAIN044981
TRAIN046569,TRAIN044995
TRAIN046616,TRAIN045041
TRAIN046702,TRAIN045126
TRAIN046706,TRAIN045130
TRAIN046746,TRAIN045168
TRAIN046750,TRAIN045172
TRAIN046757,TRAIN045179
TRAIN046759,TRAIN045181
TRAIN046774,TRAIN045195
TRAIN046777,TRAIN045198
TRAIN046788,TRAIN045208
TRAIN046870,TRAIN045287
TRAIN046913,TRAIN045330
TRAIN046936,TRAIN045353
TRAIN046945,TRAIN045362
TRAIN046947,TRAIN045364
TRAIN047034,TRAIN045447
TRAIN047059,TRAIN045471
TRAIN047097,TRAIN045507
TRAIN047112,TRAIN045522
TRAIN047158,TRAIN045567
TRAIN047170,TRAIN045579
TRAIN047216,TRAIN045625
TRAIN047233,TRAIN045640
TRAIN047238,TRAIN045644
TRAIN047251,TRAIN045657
TRAIN047254,TRAIN045660
TRAIN047286,TRAIN045690
TRAIN047357,TRAIN045758
TRAIN047406,TRAIN045807
TRAIN047411,TRAIN045812
TRAIN047446,TRAIN045845
TRAIN047467,TRAIN045866
TRAIN047492,TRAIN045889
TRAIN047514,TRAIN045908
TRAIN047546,TRAIN045940
TRAIN047549,TRAIN045943
TRAIN047571,TRAIN045963
TRAIN047646,TRAIN046035
TRAIN047649,TRAIN046038
TRAIN047655,TRAIN046044
TRAIN047674,TRAIN046063
TRAIN047681,TRAIN046070
TRAIN047723,TRAIN046111
TRAIN047770,TRAIN046157
TRAIN047781,TRAIN046168
TRAIN047857,TRAIN046239
TRAIN047910,TRAIN046292
TRAIN047917,TRAIN046299
TRAIN047955,TRAIN046337
TRAIN048001,TRAIN046383
TRAIN048014,TRAIN046396
TRAIN048025,TRAIN046407
TRAIN048072,TRAIN046450
TRAIN048120,TRAIN046497
TRAIN048131,TRAIN046508
TRAIN048177,TRAIN046551
TRAIN048183,TRAIN046557
TRAIN048203,TRAIN046577
TRAIN048319,TRAIN046691
TRAIN048345,TRAIN046716
TRAIN048353,TRAIN046724
TRAIN048392,TRAIN046762
TRAIN048416,TRAIN046785
TRAIN048436,TRAIN046805
TRAIN048449,TRAIN046818
TRAIN048488,TRAIN046857
TRAIN048605,TRAIN046964
TRAIN048637,TRAIN046995
TRAIN048652,TRAIN047009
TRAIN048657,TRAIN047013
TRAIN048682,TRAIN047037
TRAIN048737,TRAIN047090
TRAIN048743,TRAIN047096
TRAIN048763,TRAIN047115
TRAIN048872,TRAIN047220
TRAIN048873,TRAIN047221
TRAIN048889,TRAIN047236
TRAIN048911,TRAIN047257
TRAIN048912,TRAIN047258
TRAIN048995,TRAIN047338
TRAIN049004,TRAIN047347
TRAIN049009,TRAIN047352
TRAIN049075,TRAIN047414
TRAIN049087,TRAIN047426
TRAIN049132,TRAIN047471
TRAIN049143,TRAIN047482
TRAIN049157,TRAIN047495
TRAIN049165,TRAIN047503
TRAIN049166,TRAIN047504
TRAIN049215,TRAIN047552
TRAIN049225,TRAIN047562
TRAIN049254,TRAIN047589
TRAIN049267,TRAIN047602
TRAIN049287,TRAIN047622
TRAIN049384,TRAIN047717
TRAIN049427,TRAIN047759
TRAIN049455,TRAIN047784
TRAIN049460,TRAIN047789
TRAIN049491,TRAIN047819
TRAIN049493,TRAIN047821
TRAIN049496,TRAIN047824
TRAIN049733,TRAIN048051
TRAIN049738,TRAIN048056
TRAIN049745,TRAIN048063
TRAIN049746,TRAIN048064
TRAIN049799,TRAIN048116
TRAIN049817,TRAIN048134
TRAIN049851,TRAIN048167
TRAIN049854,TRAIN048170
TRAIN049966,TRAIN048278
TRAIN049973,TRAIN048285
TRAIN050011,TRAIN048321
TRAIN050051,TRAIN048360
TRAIN050089,TRAIN048397
TRAIN050183,TRAIN048489
TRAIN050218,TRAIN048523
TRAIN050222,TRAIN048527
TRAIN050242,TRAIN048546
TRAIN050246,TRAIN048549
TRAIN050259,TRAIN048562
TRAIN050269,TRAIN048572
TRAIN050273,TRAIN048576
TRAIN050289,TRAIN048591
TRAIN050298,TRAIN048600
TRAIN050331,TRAIN048632
TRAIN050340,TRAIN048641
TRAIN050355,TRAIN048656
TRAIN050358,TRAIN048659
TRAIN050382,TRAIN048683
TRAIN050395,TRAIN048696
TRAIN050462,TRAIN048762
TRAIN050499,TRAIN048797
TRAIN050504,TRAIN048802
TRAIN050516,TRAIN048814
TRAIN050531,TRAIN048828
TRAIN050591,TRAIN048886
TRAIN050606,TRAIN048900
TRAIN050625,TRAIN048919
TRAIN050651,TRAIN048944
TRAIN050685,TRAIN048978
TRAIN050740,TRAIN049031
TRAIN050744,TRAIN049035
TRAIN050755,TRAIN049046
TRAIN050780,TRAIN049071
TRAIN050855,TRAIN049146
TRAIN050907,TRAIN049197
TRAIN050943,TRAIN049232
TRAIN050964,TRAIN049253
TRAIN051019,TRAIN049307
TRAIN051095,TRAIN049380
TRAIN051138,TRAIN049423
TRAIN051146,TRAIN049431
TRAIN051164,TRAIN049448
TRAIN051169,TRAIN049452
TRAIN051183,TRAIN049466
TRAIN051230,TRAIN049510
TRAIN051270,TRAIN049548
TRAIN051279,TRAIN049557
TRAIN051328,TRAIN049604
TRAIN051338,TRAIN049614
TRAIN051365,TRAIN049637
TRAIN051368,TRAIN049640
TRAIN051375,TRAIN049646
TRAIN051386,TRAIN049657
TRAIN051431,TRAIN049696
TRAIN051527,TRAIN049787
TRAIN051574,TRAIN049833
TRAIN051623,TRAIN049880
TRAIN051671,TRAIN049928
TRAIN051672,TRAIN049929
TRAIN051689,TRAIN049946
TRAIN051719,TRAIN049976
TRAIN051750,TRAIN050007
TRAIN051764,TRAIN050021
TRAIN051797,TRAIN050054
TRAIN051876,TRAIN050131
TRAIN051903,TRAIN050158
TRAIN051938,TRAIN050191
TRAIN051984,TRAIN050237
TRAIN051990,TRAIN050243
TRAIN052028,TRAIN050280
TRAIN052079,TRAIN050330
TRAIN052160,TRAIN050409
TRAIN052215,TRAIN050463
TRAIN052222,TRAIN050470
TRAIN052278,TRAIN050526
TRAIN052293,TRAIN050541
TRAIN052300,TRAIN050548
TRAIN052352,TRAIN050600
TRAIN052383,TRAIN050631
TRAIN052452,TRAIN050699
TRAIN052461,TRAIN050708
TRAIN052627,TRAIN050870
TRAIN052690,TRAIN050930
TRAIN052735,TRAIN050975
TRAIN052781,TRAIN051021
TRAIN052784,TRAIN051024
TRAIN052830,TRAIN051069
TRAIN052917,TRAIN051150
TRAIN052933,TRAIN051166
TRAIN052970,TRAIN051202
TRAIN052985,TRAIN051216
TRAIN052998,TRAIN051228
TRAIN053018,TRAIN051248
TRAIN053038,TRAIN051268
TRAIN053087,TRAIN051316
TRAIN053094,TRAIN051323
TRAIN053114,TRAIN051342
TRAIN053117,TRAIN051345
TRAIN053120,TRAIN051348
TRAIN053128,TRAIN051356
TRAIN053146,TRAIN051373
TRAIN053169,TRAIN051395
TRAIN053171,TRAIN051397
TRAIN053180,TRAIN051405
TRAIN053182,TRAIN051407
TRAIN053188,TRAIN051413
TRAIN053196,TRAIN051421
TRAIN053220,TRAIN051444
TRAIN053263,TRAIN051487
TRAIN053273,TRAIN051496
TRAIN053287,TRAIN051510
TRAIN053294,TRAIN051517
TRAIN053335,TRAIN051556
TRAIN053382,TRAIN051600
TRAIN053402,TRAIN051620
TRAIN053585,TRAIN051798
TRAIN053596,TRAIN051809
TRAIN053709,TRAIN051918
TRAIN053717,TRAIN051926
TRAIN053801,TRAIN052005
TRAIN053865,TRAIN052069
TRAIN053954,TRAIN052157
TRAIN053964,TRAIN052167
TRAIN054261,TRAIN052451
TRAIN054299,TRAIN052487
TRAIN054306,TRAIN052494
TRAIN054314,TRAIN052502
TRAIN054326,TRAIN052513
TRAIN054458,TRAIN052642
TRAIN054463,TRAIN052647
TRAIN054475,TRAIN052658
TRAIN054652,TRAIN052827
TRAIN054662,TRAIN052837
TRAIN054682,TRAIN052856
TRAIN054690,TRAIN052864
TRAIN054715,TRAIN052889
TRAIN054716,TRAIN052890
TRAIN054723,TRAIN052897
TRAIN054796,TRAIN052968
TRAIN054807,TRAIN052979
TRAIN054825,TRAIN052995
TRAIN054908,TRAIN053075
TRAIN054949,TRAIN053113
TRAIN054968,TRAIN053132
TRAIN054997,TRAIN053161
TRAIN055014,TRAIN053178
TRAIN055042,TRAIN053206
TRAIN055102,TRAIN053264
TRAIN055135,TRAIN053297
TRAIN055165,TRAIN053326
TRAIN055196,TRAIN053357
TRAIN055217,TRAIN053376
TRAIN055218,TRAIN053377
TRAIN055313,TRAIN053470
TRAIN055358,TRAIN053513
TRAIN055366,TRAIN053521
TRAIN055402,TRAIN053555
TRAIN055429,TRAIN053580
TRAIN055452,TRAIN053602
TRAIN055501,TRAIN053649
TRAIN055517,TRAIN053664
TRAIN055527,TRAIN053674
TRAIN055579,TRAIN053725
TRAIN055594,TRAIN053740
TRAIN055617,TRAIN053762
TRAIN055622,TRAIN053767
TRAIN055632,TRAIN053777
TRAIN055753,TRAIN053893
TRAIN055791,TRAIN053931
TRAIN055836,TRAIN053975
TRAIN055839,TRAIN053978
TRAIN055843,TRAIN053982
TRAIN055855,TRAIN053994
TRAIN055895,TRAIN054031
TRAIN055972,TRAIN054105
TRAIN056030,TRAIN054161
TRAIN056031,TRAIN054162
TRAIN056039,TRAIN054170
TRAIN056043,TRAIN054174
TRAIN056052,TRAIN054183
TRAIN056063,TRAIN054194
TRAIN056124,TRAIN054253
TRAIN056136,TRAIN054265
TRAIN056147,TRAIN054275
TRAIN056192,TRAIN054319
TRAIN056200,TRAIN054327
TRAIN056269,TRAIN054391
TRAIN056313,TRAIN054435
TRAIN056349,TRAIN054471
TRAIN056370,TRAIN054490
TRAIN056395,TRAIN054514
TRAIN056413,TRAIN054530
TRAIN056427,TRAIN054544
TRAIN056442,TRAIN054558
TRAIN056461,TRAIN054576
TRAIN056464,TRAIN054579
TRAIN056473,TRAIN054588
TRAIN056559,TRAIN054668
TRAIN056640,TRAIN054744
TRAIN056676,TRAIN054780
TRAIN056713,TRAIN054817
TRAIN056719,TRAIN054823
TRAIN056765,TRAIN054868
TRAIN056796,TRAIN054899
TRAIN056800,TRAIN054903
TRAIN056820,TRAIN054922
TRAIN056831,TRAIN054933
TRAIN056843,TRAIN054945
TRAIN056965,TRAIN055062
TRAIN056972,TRAIN055069
TRAIN057066,TRAIN055160
TRAIN057105,TRAIN055197
TRAIN057112,TRAIN055204
TRAIN057149,TRAIN055241
TRAIN057218,TRAIN055308
TRAIN057244,TRAIN055334
TRAIN057260,TRAIN055349
TRAIN057297,TRAIN055385
TRAIN057298,TRAIN055386
TRAIN057319,TRAIN055406
TRAIN057322,TRAIN055409
TRAIN057361,TRAIN055447
TRAIN057368,TRAIN055454
TRAIN057378,TRAIN055464
TRAIN057423,TRAIN055509
TRAIN057484,TRAIN055568
TRAIN057525,TRAIN055609
TRAIN057557,TRAIN055641
TRAIN057571,TRAIN055654
TRAIN057584,TRAIN055666
TRAIN057621,TRAIN055702
TRAIN057633,TRAIN055714
TRAIN057721,TRAIN055798
TRAIN057788,TRAIN055863
TRAIN057789,TRAIN055864
TRAIN057838,TRAIN055913
TRAIN057843,TRAIN055918
TRAIN057857,TRAIN055932
TRAIN057906,TRAIN055980
TRAIN057929,TRAIN056002
TRAIN058030,TRAIN056095
TRAIN058032,TRAIN056097
TRAIN058080,TRAIN056141
TRAIN058099,TRAIN056158
TRAIN058176,TRAIN056231
TRAIN058189,TRAIN056244
TRAIN058191,TRAIN056246
TRAIN058201,TRAIN056256
TRAIN058204,TRAIN056259
TRAIN058298,TRAIN056351
TRAIN058314,TRAIN056366
TRAIN058329,TRAIN056381
TRAIN058345,TRAIN056396
TRAIN058352,TRAIN056403
TRAIN058386,TRAIN056436
TRAIN058408,TRAIN056457
TRAIN058425,TRAIN056474
TRAIN058441,TRAIN056490
TRAIN058460,TRAIN056507
TRAIN058477,TRAIN056523
TRAIN058490,TRAIN056536
TRAIN058508,TRAIN056553
TRAIN058518,TRAIN056562
TRAIN058521,TRAIN056563
TRAIN058547,TRAIN056588
TRAIN058555,TRAIN056594
TRAIN058569,TRAIN056608
TRAIN058718,TRAIN056755
TRAIN058776,TRAIN056813
TRAIN058831,TRAIN056866
TRAIN058885,TRAIN056918
TRAIN058891,TRAIN056924
TRAIN058900,TRAIN056933
TRAIN058914,TRAIN056947
TRAIN058981,TRAIN057013
TRAIN059017,TRAIN057049
TRAIN059033,TRAIN057064
TRAIN059070,TRAIN057100
TRAIN059071,TRAIN057101
TRAIN059143,TRAIN057173
TRAIN059178,TRAIN057206
TRAIN059227,TRAIN057254
TRAIN059270,TRAIN057293
TRAIN059287,TRAIN057310
TRAIN059312,TRAIN057335
TRAIN059420,TRAIN057443
TRAIN059452,TRAIN057473
TRAIN059551,TRAIN057570
TRAIN059561,TRAIN057579
TRAIN059580,TRAIN057597
TRAIN059623,TRAIN057640
TRAIN059633,TRAIN057650
TRAIN059634,TRAIN057651
TRAIN059674,TRAIN057690
TRAIN059721,TRAIN057734
TRAIN059753,TRAIN057766
TRAIN059797,TRAIN057807
TRAIN059887,TRAIN057895
TRAIN059903,TRAIN057911
TRAIN059926,TRAIN057933
TRAIN059927,TRAIN057934
TRAIN059933,TRAIN057940
TRAIN059934,TRAIN057941
TRAIN059965,TRAIN057971
TRAIN059979,TRAIN057984
TRAIN059994,TRAIN057997
TRAIN060014,TRAIN058016
TRAIN060033,TRAIN058035
TRAIN060049,TRAIN058051
TRAIN060055,TRAIN058057
TRAIN060078,TRAIN058079
TRAIN060087,TRAIN058087
TRAIN060097,TRAIN058097
TRAIN060112,TRAIN058110
TRAIN060139,TRAIN058136
TRAIN060160,TRAIN058157
TRAIN060165,TRAIN058162
TRAIN060265,TRAIN058259
TRAIN060267,TRAIN058261
TRAIN060311,TRAIN058304
TRAIN060343,TRAIN058333
TRAIN060371,TRAIN058360
TRAIN060416,TRAIN058403
TRAIN060465,TRAIN058447
TRAIN060466,TRAIN058448
TRAIN060488,TRAIN058469
TRAIN060517,TRAIN058498
TRAIN060535,TRAIN058516
TRAIN060538,TRAIN058519
TRAIN060539,TRAIN058520
TRAIN060562,TRAIN058543
TRAIN060569,TRAIN058550
TRAIN060571,TRAIN058552
TRAIN060593,TRAIN058574
TRAIN060676,TRAIN058656
TRAIN060818,TRAIN058795
TRAIN060845,TRAIN058822
TRAIN060860,TRAIN058837
TRAIN060895,TRAIN058872
TRAIN060966,TRAIN058941
TRAIN061055,TRAIN059027
TRAIN061084,TRAIN059055
TRAIN061180,TRAIN059147
TRAIN061202,TRAIN059168
TRAIN061220,TRAIN059185
TRAIN061265,TRAIN059229
TRAIN061267,TRAIN059231
TRAIN061284,TRAIN059248
TRAIN061290,TRAIN059254
TRAIN061486,TRAIN059448
TRAIN061488,TRAIN059450
TRAIN061541,TRAIN059500
TRAIN061569,TRAIN059527
TRAIN061599,TRAIN059556
TRAIN061605,TRAIN059562
TRAIN061714,TRAIN059666
TRAIN061753,TRAIN059703
TRAIN061759,TRAIN059710
TRAIN061810,TRAIN059760
TRAIN061820,TRAIN059770
TRAIN061828,TRAIN059778
TRAIN061868,TRAIN059817
TRAIN061917,TRAIN059866
TRAIN061975,TRAIN059924
TRAIN062009,TRAIN059957
TRAIN062025,TRAIN059973
TRAIN062037,TRAIN059985
TRAIN062038,TRAIN059986
TRAIN062060,TRAIN060007
TRAIN062131,TRAIN060076
TRAIN062135,TRAIN060080
TRAIN062157,TRAIN060102
TRAIN062165,TRAIN060110
TRAIN062178,TRAIN060122
TRAIN062256,TRAIN060199
TRAIN062268,TRAIN060211
TRAIN062292,TRAIN060234
TRAIN062370,TRAIN060309
TRAIN062373,TRAIN060312
TRAIN062392,TRAIN060331
TRAIN062394,TRAIN060333
TRAIN062424,TRAIN060363
TRAIN062441,TRAIN060380
TRAIN062444,TRAIN060383
TRAIN062497,TRAIN060435
TRAIN062505,TRAIN060443
TRAIN062517,TRAIN060454
TRAIN062519,TRAIN060455
TRAIN062522,TRAIN060457
TRAIN062542,TRAIN060477
TRAIN062724,TRAIN060655
TRAIN062756,TRAIN060686
TRAIN062827,TRAIN060755
TRAIN062830,TRAIN060758
TRAIN062985,TRAIN060906
TRAIN062997,TRAIN060917
TRAIN063063,TRAIN060983
TRAIN063074,TRAIN060994
TRAIN063092,TRAIN061012
TRAIN063163,TRAIN061082
TRAIN063177,TRAIN061096
TRAIN063205,TRAIN061123
TRAIN063241,TRAIN061159
TRAIN063253,TRAIN061171
TRAIN063274,TRAIN061189
TRAIN063295,TRAIN061209
TRAIN063345,TRAIN061258
TRAIN063390,TRAIN061302
TRAIN063512,TRAIN061420
TRAIN063586,TRAIN061491
TRAIN063614,TRAIN061519
TRAIN063621,TRAIN061525
TRAIN063666,TRAIN061567
TRAIN063676,TRAIN061576
TRAIN063730,TRAIN061626
TRAIN063739,TRAIN061634
TRAIN063757,TRAIN061651
TRAIN063786,TRAIN061680
TRAIN063787,TRAIN061681
TRAIN063823,TRAIN061716
TRAIN063844,TRAIN061737
TRAIN063915,TRAIN061806
TRAIN063975,TRAIN061861
TRAIN064111,TRAIN061992
TRAIN064163,TRAIN062042
TRAIN064212,TRAIN062091
TRAIN064249,TRAIN062125
TRAIN064295,TRAIN062168
TRAIN064341,TRAIN062211
TRAIN064408,TRAIN062277
TRAIN064444,TRAIN062313
TRAIN064459,TRAIN062326
TRAIN064466,TRAIN062333
TRAIN064618,TRAIN062476
TRAIN064658,TRAIN062515
TRAIN064661,TRAIN062518
TRAIN064665,TRAIN062521
TRAIN064701,TRAIN062557
TRAIN064737,TRAIN062593
TRAIN064750,TRAIN062605
TRAIN064819,TRAIN062672
TRAIN064892,TRAIN062739
TRAIN064931,TRAIN062776
TRAIN064942,TRAIN062787
TRAIN065014,TRAIN062855
TRAIN065023,TRAIN062864
TRAIN065043,TRAIN062883
TRAIN065044,TRAIN062884
TRAIN065049,TRAIN062889
TRAIN065065,TRAIN062904
TRAIN065118,TRAIN062955
TRAIN065157,TRAIN062993
TRAIN065327,TRAIN063152
TRAIN065373,TRAIN063197
TRAIN065434,TRAIN063256
TRAIN065445,TRAIN063266
TRAIN065452,TRAIN063273
TRAIN065466,TRAIN063287
TRAIN065507,TRAIN063326
TRAIN065553,TRAIN063370
TRAIN065602,TRAIN063415
TRAIN065649,TRAIN063460
TRAIN065651,TRAIN063462
TRAIN065681,TRAIN063490
TRAIN065770,TRAIN063574
TRAIN065773,TRAIN063577
TRAIN065780,TRAIN063584
TRAIN065815,TRAIN063618
TRAIN065831,TRAIN063633
TRAIN065843,TRAIN063645
TRAIN065849,TRAIN063651
TRAIN065866,TRAIN063668
TRAIN065877,TRAIN063679
TRAIN065883,TRAIN063685
TRAIN065900,TRAIN063702
TRAIN065923,TRAIN063724
TRAIN065936,TRAIN063737
TRAIN065945,TRAIN063746
TRAIN065997,TRAIN063794
TRAIN066071,TRAIN063865
TRAIN066097,TRAIN063889
TRAIN066145,TRAIN063935
TRAIN066149,TRAIN063939
TRAIN066155,TRAIN063945
TRAIN066171,TRAIN063961
TRAIN066178,TRAIN063967
TRAIN066203,TRAIN063991
TRAIN066242,TRAIN064027
TRAIN066258,TRAIN064043
TRAIN066281,TRAIN064066
TRAIN066316,TRAIN064100
TRAIN066352,TRAIN064136
TRAIN066379,TRAIN064160
TRAIN066449,TRAIN064226
TRAIN066454,TRAIN064231
TRAIN066455,TRAIN064232
TRAIN066489,TRAIN064266
TRAIN066491,TRAIN064268
TRAIN066514,TRAIN064291
TRAIN066534,TRAIN064311
TRAIN066537,TRAIN064314
TRAIN066565,TRAIN064339
TRAIN066621,TRAIN064395
TRAIN066679,TRAIN064451
TRAIN066680,TRAIN064452
TRAIN066700,TRAIN064472
TRAIN066707,TRAIN064479
TRAIN066743,TRAIN064513
TRAIN066777,TRAIN064545
TRAIN066787,TRAIN064555
TRAIN066811,TRAIN064579
TRAIN066818,TRAIN064586
TRAIN066819,TRAIN064587
TRAIN066846,TRAIN064612
TRAIN066859,TRAIN064623
TRAIN066901,TRAIN064663
TRAIN066989,TRAIN064749
TRAIN067000,TRAIN064760
TRAIN067050,TRAIN064807
TRAIN067074,TRAIN064831
TRAIN067077,TRAIN064834
TRAIN067091,TRAIN064848
TRAIN067096,TRAIN064853
TRAIN067105,TRAIN064862
TRAIN067119,TRAIN064875
TRAIN067157,TRAIN064912
TRAIN067168,TRAIN064923
TRAIN067198,TRAIN064953
TRAIN067209,TRAIN064964
TRAIN067246,TRAIN065000
TRAIN067258,TRAIN065012
TRAIN067285,TRAIN065038
TRAIN067303,TRAIN065056
TRAIN067327,TRAIN065078
TRAIN067360,TRAIN065109
TRAIN067394,TRAIN065143
TRAIN067412,TRAIN065161
TRAIN067413,TRAIN065162
TRAIN067425,TRAIN065174
TRAIN067427,TRAIN065176
TRAIN067455,TRAIN065204
TRAIN067457,TRAIN065206
TRAIN067479,TRAIN065228
TRAIN067483,TRAIN065232
TRAIN067507,TRAIN065256
TRAIN067518,TRAIN065267
TRAIN067539,TRAIN065287
TRAIN067589,TRAIN065334
TRAIN067681,TRAIN065423
TRAIN067690,TRAIN065432
TRAIN067698,TRAIN065440
TRAIN067752,TRAIN065491
TRAIN067759,TRAIN065498
TRAIN067789,TRAIN065528
TRAIN067812,TRAIN065551
TRAIN067832,TRAIN065570
TRAIN067838,TRAIN065576
TRAIN067845,TRAIN065583
TRAIN067850,TRAIN065588
TRAIN067873,TRAIN065610
TRAIN067877,TRAIN065614
TRAIN067924,TRAIN065659
TRAIN067931,TRAIN065666
TRAIN067958,TRAIN065693
TRAIN067982,TRAIN065716
TRAIN067994,TRAIN065728
TRAIN068016,TRAIN065750
TRAIN068017,TRAIN065751
TRAIN068082,TRAIN065814
TRAIN068086,TRAIN065818
TRAIN068189,TRAIN065921
TRAIN068221,TRAIN065952
TRAIN068224,TRAIN065955
TRAIN068243,TRAIN065971
TRAIN068260,TRAIN065988
TRAIN068317,TRAIN066044
TRAIN068320,TRAIN066047
TRAIN068337,TRAIN066063
TRAIN068353,TRAIN066078
TRAIN068370,TRAIN066094
TRAIN068410,TRAIN066133
TRAIN068411,TRAIN066134
TRAIN068451,TRAIN066173
TRAIN068473,TRAIN066193
TRAIN068495,TRAIN066215
TRAIN068498,TRAIN066218
TRAIN068504,TRAIN066224
TRAIN068568,TRAIN066288
TRAIN068642,TRAIN066361
TRAIN068646,TRAIN066365
TRAIN068654,TRAIN066373
TRAIN068667,TRAIN066386
TRAIN068668,TRAIN066387
TRAIN068675,TRAIN066394
TRAIN068680,TRAIN066399
TRAIN068828,TRAIN066543
TRAIN068829,TRAIN066544
TRAIN068849,TRAIN066563
TRAIN068934,TRAIN066645
TRAIN068957,TRAIN066667
TRAIN069005,TRAIN066713
TRAIN069006,TRAIN066714
TRAIN069043,TRAIN066750
TRAIN069047,TRAIN066754
TRAIN069121,TRAIN066827
TRAIN069123,TRAIN066829
TRAIN069146,TRAIN066851
TRAIN069150,TRAIN066855
TRAIN069158,TRAIN066862
TRAIN069186,TRAIN066888
TRAIN069203,TRAIN066904
TRAIN069274,TRAIN066974
TRAIN069326,TRAIN067023
TRAIN069330,TRAIN067027
TRAIN069348,TRAIN067045
TRAIN069420,TRAIN067116
TRAIN069428,TRAIN067124
TRAIN069518,TRAIN067212
TRAIN069581,TRAIN067272
TRAIN069618,TRAIN067308
TRAIN069632,TRAIN067322
TRAIN069654,TRAIN067343
TRAIN069667,TRAIN067355
TRAIN069856,TRAIN067537
TRAIN069885,TRAIN067566
TRAIN069887,TRAIN067568
TRAIN069890,TRAIN067571
TRAIN069933,TRAIN067612
TRAIN069961,TRAIN067639
TRAIN069969,TRAIN067647
TRAIN070044,TRAIN067720
TRAIN070060,TRAIN067735
TRAIN070065,TRAIN067740
TRAIN070148,TRAIN067820
TRAIN070184,TRAIN067856
TRAIN070218,TRAIN067890
TRAIN070244,TRAIN067916
TRAIN070300,TRAIN067971
TRAIN070393,TRAIN068061
TRAIN070403,TRAIN068071
TRAIN070546,TRAIN068211
TRAIN070564,TRAIN068227
TRAIN070571,TRAIN068234
TRAIN070578,TRAIN068241
TRAIN070613,TRAIN068276
TRAIN070672,TRAIN068333
TRAIN070680,TRAIN068341
TRAIN070704,TRAIN068365
TRAIN070716,TRAIN068377
TRAIN070768,TRAIN068427
TRAIN070798,TRAIN068455
TRAIN070808,TRAIN068465
TRAIN070955,TRAIN068609
TRAIN071050,TRAIN068701
TRAIN071064,TRAIN068715
TRAIN071077,TRAIN068728
TRAIN071082,TRAIN068733
TRAIN071198,TRAIN068843
TRAIN071206,TRAIN068851
TRAIN071225,TRAIN068870
TRAIN071228,TRAIN068873
TRAIN071296,TRAIN068940
TRAIN071320,TRAIN068963
TRAIN071353,TRAIN068996
TRAIN071384,TRAIN069026
TRAIN071415,TRAIN069056
TRAIN071501,TRAIN069134
TRAIN071522,TRAIN069154
TRAIN071540,TRAIN069172
TRAIN071552,TRAIN069184
TRAIN071558,TRAIN069190
TRAIN071633,TRAIN069263
TRAIN071651,TRAIN069281
TRAIN071676,TRAIN069305
TRAIN071694,TRAIN069322
TRAIN071755,TRAIN069380
TRAIN071806,TRAIN069430
TRAIN071819,TRAIN069443
TRAIN071907,TRAIN069529
TRAIN071921,TRAIN069543
TRAIN071929,TRAIN069551
TRAIN071977,TRAIN069599
TRAIN072026,TRAIN069647
TRAIN072042,TRAIN069662
TRAIN072055,TRAIN069675
TRAIN072068,TRAIN069688
TRAIN072085,TRAIN069705
TRAIN072088,TRAIN069708
TRAIN072091,TRAIN069711
TRAIN072133,TRAIN069753
TRAIN072203,TRAIN069820
TRAIN072279,TRAIN069895
TRAIN072310,TRAIN069926
TRAIN072339,TRAIN069954
TRAIN072376,TRAIN069989
TRAIN072401,TRAIN070014
TRAIN072433,TRAIN070046
TRAIN072457,TRAIN070070
TRAIN072477,TRAIN070089
TRAIN072485,TRAIN070097
TRAIN072655,TRAIN070262
TRAIN072736,TRAIN070342
TRAIN072750,TRAIN070356
TRAIN072758,TRAIN070364
TRAIN072856,TRAIN070459
TRAIN072868,TRAIN070471
TRAIN072925,TRAIN070522
TRAIN072955,TRAIN070549
TRAIN072970,TRAIN070563
TRAIN073033,TRAIN070626
TRAIN073038,TRAIN070631
TRAIN073151,TRAIN070740
TRAIN073169,TRAIN070757
TRAIN073192,TRAIN070779
TRAIN073206,TRAIN070793
TRAIN073227,TRAIN070813
TRAIN073234,TRAIN070820
TRAIN073308,TRAIN070889
TRAIN073388,TRAIN070962
TRAIN073452,TRAIN071023
TRAIN073454,TRAIN071025
TRAIN073514,TRAIN071084
TRAIN073527,TRAIN071097
TRAIN073530,TRAIN071100
TRAIN073549,TRAIN071119
TRAIN073555,TRAIN071125
TRAIN073597,TRAIN071166
TRAIN073677,TRAIN071242
TRAIN073749,TRAIN071310
TRAIN073796,TRAIN071357
TRAIN073841,TRAIN071401
TRAIN073875,TRAIN071435
TRAIN073881,TRAIN071441
TRAIN073888,TRAIN071448
TRAIN073899,TRAIN071459
TRAIN073901,TRAIN071461
TRAIN073909,TRAIN071469
TRAIN073939,TRAIN071498
TRAIN073959,TRAIN071516
TRAIN074035,TRAIN071592
TRAIN074043,TRAIN071598
TRAIN074123,TRAIN071673
TRAIN074142,TRAIN071690
TRAIN074151,TRAIN071699
TRAIN074167,TRAIN071715
TRAIN074194,TRAIN071740
TRAIN074228,TRAIN071772
TRAIN074303,TRAIN071847
TRAIN074318,TRAIN071862
TRAIN074479,TRAIN072018
TRAIN074501,TRAIN072039
TRAIN074618,TRAIN072151
TRAIN074655,TRAIN072187
TRAIN074671,TRAIN072202
TRAIN074746,TRAIN072275
TRAIN074794,TRAIN072323
TRAIN074819,TRAIN072348
TRAIN074846,TRAIN072373
TRAIN074949,TRAIN072475
TRAIN074997,TRAIN072522
TRAIN075042,TRAIN072566
TRAIN075049,TRAIN072573
TRAIN075088,TRAIN072610
TRAIN075120,TRAIN072640
TRAIN075161,TRAIN072680
TRAIN075307,TRAIN072823
TRAIN075322,TRAIN072838
TRAIN075331,TRAIN072847
TRAIN075356,TRAIN072870
TRAIN075360,TRAIN072873
TRAIN075371,TRAIN072883
TRAIN075375,TRAIN072887
TRAIN075379,TRAIN072891
TRAIN075394,TRAIN072905
TRAIN075429,TRAIN072940
TRAIN075436,TRAIN072947
TRAIN075438,TRAIN072949
TRAIN075460,TRAIN072969
TRAIN075532,TRAIN073041
TRAIN075558,TRAIN073067
TRAIN075567,TRAIN073076
TRAIN075577,TRAIN073086
TRAIN075655,TRAIN073160
TRAIN075685,TRAIN073188
TRAIN075707,TRAIN073210
TRAIN075755,TRAIN073257
TRAIN075766,TRAIN073268
TRAIN075773,TRAIN073275
TRAIN075775,TRAIN073277
TRAIN075801,TRAIN073301
TRAIN075814,TRAIN073314
TRAIN075841,TRAIN073341
TRAIN075843,TRAIN073343
TRAIN075844,TRAIN073344
TRAIN075857,TRAIN073356
TRAIN075885,TRAIN073383
TRAIN075888,TRAIN073386
TRAIN075917,TRAIN073412
TRAIN075939,TRAIN073432
TRAIN075957,TRAIN073450
TRAIN075992,TRAIN073483
TRAIN076101,TRAIN073588
TRAIN076122,TRAIN073607
TRAIN076142,TRAIN073625
TRAIN076156,TRAIN073639
TRAIN076190,TRAIN073673
TRAIN076227,TRAIN073708
TRAIN076240,TRAIN073720
TRAIN076247,TRAIN073727
TRAIN076258,TRAIN073738
TRAIN076355,TRAIN073834
TRAIN076385,TRAIN073862
TRAIN076443,TRAIN073920
TRAIN076473,TRAIN073949
TRAIN076476,TRAIN073952
TRAIN076563,TRAIN074037
TRAIN076564,TRAIN074038
TRAIN076587,TRAIN074060
TRAIN076599,TRAIN074070
TRAIN076603,TRAIN074074
TRAIN076617,TRAIN074088
TRAIN076647,TRAIN074117
TRAIN076666,TRAIN074136
TRAIN076671,TRAIN074141
TRAIN076704,TRAIN074173
TRAIN076720,TRAIN074189
TRAIN076749,TRAIN074217
TRAIN076751,TRAIN074219
TRAIN076851,TRAIN074319
TRAIN076874,TRAIN074341
TRAIN076910,TRAIN074374
TRAIN076930,TRAIN074393
TRAIN076987,TRAIN074450
TRAIN077037,TRAIN074498
TRAIN077041,TRAIN074502
TRAIN077043,TRAIN074504
TRAIN077073,TRAIN074534
TRAIN077079,TRAIN074540
TRAIN077121,TRAIN074580
TRAIN077177,TRAIN074634
TRAIN077213,TRAIN074670
TRAIN077232,TRAIN074688
TRAIN077267,TRAIN074721
TRAIN077382,TRAIN074831
TRAIN077387,TRAIN074836
TRAIN077409,TRAIN074856
TRAIN077532,TRAIN074978
TRAIN077584,TRAIN075026
TRAIN077612,TRAIN075051
TRAIN077629,TRAIN075067
TRAIN077661,TRAIN075099
TRAIN077667,TRAIN075105
TRAIN077686,TRAIN075124
TRAIN077753,TRAIN075188
TRAIN077838,TRAIN075270
TRAIN077845,TRAIN075277
TRAIN077913,TRAIN075342
TRAIN077930,TRAIN075359
TRAIN077937,TRAIN075365
TRAIN077961,TRAIN075389
TRAIN078027,TRAIN075450
TRAIN078034,TRAIN075457
TRAIN078166,TRAIN075586
TRAIN078181,TRAIN075600
TRAIN078206,TRAIN075625
TRAIN078214,TRAIN075633
TRAIN078239,TRAIN075657
TRAIN078259,TRAIN075676
TRAIN078316,TRAIN075732
TRAIN078371,TRAIN075785
TRAIN078381,TRAIN075795
TRAIN078437,TRAIN075846
TRAIN078472,TRAIN075881
TRAIN078483,TRAIN075892
TRAIN078498,TRAIN075907
TRAIN078507,TRAIN075916
TRAIN078512,TRAIN075921
TRAIN078518,TRAIN075927
TRAIN078558,TRAIN075966
TRAIN078573,TRAIN075981
TRAIN078610,TRAIN076018
TRAIN078640,TRAIN076048
TRAIN078648,TRAIN076056
TRAIN078649,TRAIN076057
TRAIN078699,TRAIN076104
TRAIN078708,TRAIN076112
TRAIN078728,TRAIN076129
TRAIN078735,TRAIN076136
TRAIN078799,TRAIN076199
TRAIN078813,TRAIN076213
TRAIN078834,TRAIN076234
TRAIN078891,TRAIN076291
TRAIN078968,TRAIN076366
TRAIN078975,TRAIN076373
TRAIN079075,TRAIN076470
TRAIN079088,TRAIN076483
TRAIN079100,TRAIN076495
TRAIN079189,TRAIN076584
TRAIN079196,TRAIN076591
TRAIN079200,TRAIN076595
TRAIN079251,TRAIN076646
TRAIN079307,TRAIN076701
TRAIN079352,TRAIN076744
TRAIN079466,TRAIN076853
TRAIN079491,TRAIN076878
TRAIN079506,TRAIN076893
TRAIN079522,TRAIN076908
TRAIN079538,TRAIN076924
TRAIN079611,TRAIN076996
TRAIN079616,TRAIN077000
TRAIN079712,TRAIN077096
TRAIN079726,TRAIN077110
TRAIN079772,TRAIN077155
TRAIN079793,TRAIN077176
TRAIN079847,TRAIN077230
TRAIN079858,TRAIN077241
TRAIN079864,TRAIN077247
TRAIN079946,TRAIN077324
TRAIN079953,TRAIN077331
TRAIN079955,TRAIN077333
TRAIN079970,TRAIN077348
TRAIN080019,TRAIN077394
TRAIN080031,TRAIN077406
TRAIN080047,TRAIN077421
TRAIN080187,TRAIN077557
TRAIN080193,TRAIN077563
TRAIN080209,TRAIN077578
TRAIN080211,TRAIN077580
TRAIN080217,TRAIN077586
TRAIN080221,TRAIN077590
TRAIN080230,TRAIN077598
TRAIN080247,TRAIN077614
TRAIN080334,TRAIN077700
TRAIN080373,TRAIN077739
TRAIN080380,TRAIN077746
TRAIN080396,TRAIN077762
TRAIN080415,TRAIN077780
TRAIN080462,TRAIN077826
TRAIN080502,TRAIN077865
TRAIN080513,TRAIN077876
TRAIN080537,TRAIN077899
TRAIN080566,TRAIN077928
TRAIN080573,TRAIN077935
TRAIN080637,TRAIN077996
TRAIN080651,TRAIN078008
TRAIN080653,TRAIN078010
TRAIN080654,TRAIN078011
TRAIN080655,TRAIN078012
TRAIN080692,TRAIN078048
TRAIN080727,TRAIN078082
TRAIN080781,TRAIN078132
TRAIN080823,TRAIN078174
TRAIN080881,TRAIN078230
TRAIN080907,TRAIN078256
TRAIN080921,TRAIN078270
TRAIN080974,TRAIN078323
TRAIN081000,TRAIN078349
TRAIN081039,TRAIN078386
TRAIN081080,TRAIN078424
TRAIN081086,TRAIN078430
TRAIN081090,TRAIN078434
TRAIN081091,TRAIN078435
TRAIN081219,TRAIN078557
TRAIN081318,TRAIN078655
TRAIN081351,TRAIN078688
TRAIN081359,TRAIN078695
TRAIN081364,TRAIN078700
TRAIN081379,TRAIN078714
TRAIN081380,TRAIN078715
TRAIN081381,TRAIN078716
TRAIN081453,TRAIN078787
TRAIN081561,TRAIN078893
TRAIN081612,TRAIN078942
TRAIN081671,TRAIN078997
TRAIN081681,TRAIN079006
TRAIN081713,TRAIN079037
TRAIN081933,TRAIN079253
TRAIN081995,TRAIN079313
TRAIN082007,TRAIN079324
TRAIN082065,TRAIN079381
TRAIN082078,TRAIN079394
TRAIN082090,TRAIN079404
TRAIN082100,TRAIN079413
TRAIN082147,TRAIN079457
TRAIN082203,TRAIN079512
TRAIN082249,TRAIN079556
TRAIN082307,TRAIN079612
TRAIN082432,TRAIN079732
TRAIN082571,TRAIN079865
TRAIN082584,TRAIN079878
TRAIN082610,TRAIN079904
TRAIN082622,TRAIN079916
TRAIN082624,TRAIN079918
TRAIN082681,TRAIN079972
TRAIN082724,TRAIN080010
TRAIN082725,TRAIN080011
TRAIN082730,TRAIN080016
TRAIN082747,TRAIN080033
TRAIN082795,TRAIN080080
TRAIN082811,TRAIN080096
TRAIN082828,TRAIN080113
TRAIN082845,TRAIN080130
TRAIN082912,TRAIN080196
TRAIN082942,TRAIN080226
TRAIN082955,TRAIN080239
TRAIN083042,TRAIN080325
TRAIN083120,TRAIN080401
TRAIN083183,TRAIN080459
TRAIN083215,TRAIN080490
TRAIN083261,TRAIN080534
TRAIN083325,TRAIN080596
TRAIN083334,TRAIN080605
TRAIN083335,TRAIN080606
TRAIN083370,TRAIN080640
TRAIN083372,TRAIN080642
TRAIN083422,TRAIN080691
TRAIN083430,TRAIN080699
TRAIN083459,TRAIN080728
TRAIN083464,TRAIN080733
TRAIN083496,TRAIN080764
TRAIN083498,TRAIN080766
TRAIN083561,TRAIN080828
TRAIN083569,TRAIN080835
TRAIN083750,TRAIN081009
TRAIN083780,TRAIN081038
TRAIN083799,TRAIN081056
TRAIN083810,TRAIN081067
TRAIN083812,TRAIN081069
TRAIN083838,TRAIN081094
TRAIN083850,TRAIN081105
TRAIN083864,TRAIN081118
TRAIN083877,TRAIN081131
TRAIN083907,TRAIN081160
TRAIN083944,TRAIN081192
TRAIN084017,TRAIN081265
TRAIN084110,TRAIN081357
TRAIN084119,TRAIN081366
TRAIN084172,TRAIN081418
TRAIN084222,TRAIN081466
TRAIN084244,TRAIN081488
TRAIN084323,TRAIN081566
TRAIN084364,TRAIN081607
TRAIN084377,TRAIN081620
TRAIN084389,TRAIN081631
TRAIN084414,TRAIN081654
TRAIN084416,TRAIN081656
TRAIN084440,TRAIN081680
TRAIN084466,TRAIN081705
TRAIN084580,TRAIN081816
TRAIN084596,TRAIN081831
TRAIN084600,TRAIN081835
TRAIN084691,TRAIN081922
TRAIN084703,TRAIN081934
TRAIN084723,TRAIN081953
TRAIN084771,TRAIN081999
TRAIN084816,TRAIN082043
TRAIN084854,TRAIN082080
TRAIN084855,TRAIN082081
TRAIN084868,TRAIN082094
TRAIN084875,TRAIN082101
TRAIN084888,TRAIN082114
TRAIN084901,TRAIN082127
TRAIN084922,TRAIN082148
TRAIN084990,TRAIN082212
TRAIN085026,TRAIN082246
TRAIN085058,TRAIN082276
TRAIN085076,TRAIN082294
TRAIN085100,TRAIN082317
TRAIN085110,TRAIN082326
TRAIN085182,TRAIN082397
TRAIN085185,TRAIN082400
TRAIN085203,TRAIN082417
TRAIN085248,TRAIN082462
TRAIN085276,TRAIN082488
TRAIN085277,TRAIN082489
TRAIN085290,TRAIN082502
TRAIN085318,TRAIN082530
TRAIN085334,TRAIN082546
TRAIN085416,TRAIN082625
TRAIN085463,TRAIN082672
TRAIN085464,TRAIN082673
TRAIN085490,TRAIN082699
TRAIN085491,TRAIN082700
TRAIN085492,TRAIN082701
TRAIN085497,TRAIN082706
TRAIN085503,TRAIN082711
TRAIN085592,TRAIN082794
TRAIN085673,TRAIN082869
TRAIN085810,TRAIN083000
TRAIN085856,TRAIN083043
TRAIN085879,TRAIN083065
TRAIN085939,TRAIN083125
TRAIN085945,TRAIN083131
TRAIN085949,TRAIN083135
TRAIN085958,TRAIN083144
TRAIN085965,TRAIN083151
TRAIN086017,TRAIN083203
TRAIN086052,TRAIN083238
TRAIN086056,TRAIN083242
TRAIN086084,TRAIN083268
TRAIN086097,TRAIN083281
TRAIN086171,TRAIN083355
TRAIN086197,TRAIN083381
TRAIN086286,TRAIN083468
TRAIN086355,TRAIN083534
TRAIN086389,TRAIN083565
TRAIN086406,TRAIN083582
TRAIN086462,TRAIN083634
TRAIN086511,TRAIN083683
TRAIN086542,TRAIN083712
TRAIN086554,TRAIN083724
TRAIN086560,TRAIN083730
TRAIN086569,TRAIN083738
TRAIN086600,TRAIN083769
TRAIN086617,TRAIN083781
TRAIN086658,TRAIN083821
TRAIN086682,TRAIN083844
TRAIN086693,TRAIN083855
TRAIN086736,TRAIN083896
TRAIN086751,TRAIN083910
TRAIN086758,TRAIN083917
TRAIN086766,TRAIN083924
TRAIN086769,TRAIN083927
TRAIN086775,TRAIN083933
TRAIN086865,TRAIN084021
TRAIN086976,TRAIN084130
TRAIN087050,TRAIN084201
TRAIN087054,TRAIN084204
TRAIN087134,TRAIN084282
TRAIN087233,TRAIN084378
TRAIN087255,TRAIN084399
TRAIN087266,TRAIN084410
TRAIN087315,TRAIN084459
TRAIN087327,TRAIN084471
TRAIN087410,TRAIN084552
TRAIN087439,TRAIN084578
TRAIN087448,TRAIN084586
TRAIN087471,TRAIN084608
TRAIN087509,TRAIN084645
TRAIN087536,TRAIN084672
TRAIN087545,TRAIN084681
TRAIN087575,TRAIN084709
TRAIN087610,TRAIN084741
TRAIN087641,TRAIN084770
TRAIN087655,TRAIN084783
TRAIN087712,TRAIN084837
TRAIN087835,TRAIN084956
TRAIN087859,TRAIN084980
TRAIN087867,TRAIN084988
TRAIN087868,TRAIN084989
TRAIN087873,TRAIN084994
TRAIN087899,TRAIN085020
TRAIN087921,TRAIN085042
TRAIN087935,TRAIN085056
TRAIN087962,TRAIN085083
TRAIN087985,TRAIN085106
TRAIN088025,TRAIN085145
TRAIN088076,TRAIN085192
TRAIN088152,TRAIN085263
TRAIN088163,TRAIN085273
TRAIN088227,TRAIN085336
TRAIN088295,TRAIN085403
TRAIN088304,TRAIN085412
TRAIN088397,TRAIN085502
TRAIN088417,TRAIN085522
TRAIN088449,TRAIN085552
TRAIN088460,TRAIN085563
TRAIN088469,TRAIN085572
TRAIN088476,TRAIN085579
TRAIN088482,TRAIN085585
TRAIN088497,TRAIN085599
TRAIN088520,TRAIN085621
TRAIN088526,TRAIN085626
TRAIN088534,TRAIN085633
TRAIN088563,TRAIN085661
TRAIN088565,TRAIN085663
TRAIN088588,TRAIN085686
TRAIN088622,TRAIN085719
TRAIN088666,TRAIN085760
TRAIN088683,TRAIN085776
TRAIN088694,TRAIN085787
TRAIN088710,TRAIN085803
TRAIN088720,TRAIN085813
TRAIN088757,TRAIN085848
TRAIN088765,TRAIN085855
TRAIN088785,TRAIN085875
TRAIN088973,TRAIN086058
TRAIN088987,TRAIN086072
TRAIN089182,TRAIN086261
TRAIN089203,TRAIN086281
TRAIN089212,TRAIN086289
TRAIN089246,TRAIN086321
TRAIN089270,TRAIN086345
TRAIN089291,TRAIN086365
TRAIN089292,TRAIN086366
TRAIN089305,TRAIN086379
TRAIN089358,TRAIN086432
TRAIN089366,TRAIN086440
TRAIN089380,TRAIN086454
TRAIN089383,TRAIN086456
TRAIN089460,TRAIN086530
TRAIN089465,TRAIN086535
TRAIN089496,TRAIN086565
TRAIN089535,TRAIN086604
TRAIN089536,TRAIN086605
TRAIN089538,TRAIN086607
TRAIN089541,TRAIN086610
TRAIN089545,TRAIN086614
TRAIN089553,TRAIN086620
TRAIN089606,TRAIN086672
TRAIN089662,TRAIN086727
TRAIN089670,TRAIN086735
TRAIN089676,TRAIN086741
TRAIN089701,TRAIN086764
TRAIN089718,TRAIN086781
TRAIN089802,TRAIN086864
TRAIN089810,TRAIN086872
TRAIN089850,TRAIN086912
TRAIN089918,TRAIN086978
TRAIN089939,TRAIN086999
TRAIN089969,TRAIN087028
TRAIN089994,TRAIN087053
TRAIN090012,TRAIN087071
TRAIN090060,TRAIN087119
TRAIN090106,TRAIN087162
TRAIN090139,TRAIN087194
TRAIN090176,TRAIN087229
TRAIN090200,TRAIN087253
TRAIN090284,TRAIN087334
TRAIN090316,TRAIN087366
TRAIN090368,TRAIN087417
TRAIN090376,TRAIN087425
TRAIN090381,TRAIN087430
TRAIN090392,TRAIN087441
TRAIN090410,TRAIN087459
TRAIN090428,TRAIN087476
TRAIN090500,TRAIN087547
TRAIN090506,TRAIN087553
TRAIN090534,TRAIN087580
TRAIN090543,TRAIN087589
TRAIN090544,TRAIN087590
TRAIN090584,TRAIN087629
TRAIN090596,TRAIN087639
TRAIN090608,TRAIN087650
TRAIN090616,TRAIN087658
TRAIN090638,TRAIN087677
TRAIN090672,TRAIN087708
TRAIN090681,TRAIN087717
TRAIN090684,TRAIN087719
TRAIN090730,TRAIN087764
TRAIN090734,TRAIN087768
TRAIN090991,TRAIN088021
TRAIN090998,TRAIN088028
TRAIN091012,TRAIN088041
TRAIN091016,TRAIN088045
TRAIN091035,TRAIN088064
TRAIN091071,TRAIN088099
TRAIN091086,TRAIN088114
TRAIN091103,TRAIN088131
TRAIN091104,TRAIN088132
TRAIN091122,TRAIN088149
TRAIN091131,TRAIN088157
TRAIN091162,TRAIN088188
TRAIN091234,TRAIN088259
TRAIN091312,TRAIN088334
TRAIN091323,TRAIN088343
TRAIN091336,TRAIN088356
TRAIN091423,TRAIN088440
TRAIN091432,TRAIN088448
TRAIN091480,TRAIN088495
TRAIN091497,TRAIN088512
TRAIN091509,TRAIN088524
TRAIN091513,TRAIN088528
TRAIN091548,TRAIN088562
TRAIN091595,TRAIN088607
TRAIN091632,TRAIN088643
TRAIN091638,TRAIN088649
TRAIN091647,TRAIN088657
TRAIN091669,TRAIN088677
TRAIN091716,TRAIN088723
TRAIN091727,TRAIN088734
TRAIN091754,TRAIN088761
TRAIN091796,TRAIN088800
TRAIN091896,TRAIN088896
TRAIN091903,TRAIN088903
TRAIN091930,TRAIN088930
TRAIN091961,TRAIN088959
TRAIN091994,TRAIN088992
TRAIN091996,TRAIN088994
TRAIN092000,TRAIN088998
TRAIN092103,TRAIN089101
TRAIN092123,TRAIN089121
TRAIN092125,TRAIN089123
TRAIN092194,TRAIN089188
TRAIN092214,TRAIN089208
TRAIN092228,TRAIN089222
TRAIN092249,TRAIN089242
TRAIN092295,TRAIN089288
TRAIN092389,TRAIN089381
TRAIN092431,TRAIN089420
TRAIN092441,TRAIN089430
TRAIN092443,TRAIN089432
TRAIN092496,TRAIN089484
TRAIN092560,TRAIN089547
TRAIN092565,TRAIN089552
TRAIN092572,TRAIN089559
TRAIN092621,TRAIN089608
TRAIN092698,TRAIN089682
TRAIN092708,TRAIN089692
TRAIN092792,TRAIN089776
TRAIN092884,TRAIN089864
TRAIN092902,TRAIN089881
TRAIN092980,TRAIN089958
TRAIN093088,TRAIN090064
TRAIN093110,TRAIN090086
TRAIN093112,TRAIN090088
TRAIN093138,TRAIN090113
TRAIN093171,TRAIN090144
TRAIN093199,TRAIN090172
TRAIN093233,TRAIN090206
TRAIN093290,TRAIN090262
TRAIN093304,TRAIN090276
TRAIN093357,TRAIN090328
TRAIN093447,TRAIN090416
TRAIN093498,TRAIN090465
TRAIN093561,TRAIN090528
TRAIN093610,TRAIN090574
TRAIN093622,TRAIN090586
TRAIN093623,TRAIN090587
TRAIN093639,TRAIN090603
TRAIN093656,TRAIN090620
TRAIN093665,TRAIN090629
TRAIN093671,TRAIN090635
TRAIN093691,TRAIN090654
TRAIN093697,TRAIN090659
TRAIN093699,TRAIN090661
TRAIN093723,TRAIN090683
TRAIN093759,TRAIN090719
TRAIN093795,TRAIN090753
TRAIN093802,TRAIN090759
TRAIN093897,TRAIN090852
TRAIN093987,TRAIN090941
TRAIN094046,TRAIN090999
TRAIN094098,TRAIN091050
TRAIN094163,TRAIN091114
TRAIN094179,TRAIN091130
TRAIN094262,TRAIN091212
TRAIN094341,TRAIN091288
TRAIN094347,TRAIN091294
TRAIN094351,TRAIN091298
TRAIN094371,TRAIN091318
TRAIN094374,TRAIN091321
TRAIN094396,TRAIN091342
TRAIN094415,TRAIN091361
TRAIN094452,TRAIN091395
TRAIN094489,TRAIN091431
TRAIN094527,TRAIN091468
TRAIN094592,TRAIN091533
TRAIN094608,TRAIN091549
TRAIN094614,TRAIN091555
TRAIN094679,TRAIN091616
TRAIN094709,TRAIN091646
TRAIN094713,TRAIN091650
TRAIN094720,TRAIN091657
TRAIN094757,TRAIN091694
TRAIN094834,TRAIN091769
TRAIN094849,TRAIN091784
TRAIN094871,TRAIN091805
TRAIN094909,TRAIN091840
TRAIN094919,TRAIN091850
TRAIN094936,TRAIN091865
TRAIN095011,TRAIN091938
TRAIN095026,TRAIN091953
TRAIN095204,TRAIN092127
TRAIN095218,TRAIN092141
TRAIN095233,TRAIN092156
TRAIN095267,TRAIN092190
TRAIN095321,TRAIN092243
TRAIN095403,TRAIN092322
TRAIN095481,TRAIN092396
TRAIN095483,TRAIN092398
TRAIN095487,TRAIN092401
TRAIN095535,TRAIN092447
TRAIN095625,TRAIN092535
TRAIN095747,TRAIN092654
TRAIN095761,TRAIN092668
TRAIN095773,TRAIN092679
TRAIN095896,TRAIN092797
TRAIN095910,TRAIN092810
TRAIN095920,TRAIN092820
TRAIN095924,TRAIN092824
TRAIN095995,TRAIN092892
TRAIN096060,TRAIN092957
TRAIN096108,TRAIN093003
TRAIN096176,TRAIN093069
TRAIN096250,TRAIN093144
TRAIN096261,TRAIN093155
TRAIN096373,TRAIN093263
TRAIN096423,TRAIN093313
TRAIN096543,TRAIN093428
TRAIN096557,TRAIN093441
TRAIN096575,TRAIN093458
TRAIN096600,TRAIN093483
TRAIN096700,TRAIN093580
TRAIN096707,TRAIN093587
TRAIN096710,TRAIN093590
TRAIN096808,TRAIN093687
TRAIN096817,TRAIN093696
TRAIN096824,TRAIN093703
TRAIN096825,TRAIN093704
TRAIN096890,TRAIN093767
TRAIN096915,TRAIN093792
TRAIN096921,TRAIN093798
TRAIN096932,TRAIN093808
TRAIN096934,TRAIN093810
TRAIN097024,TRAIN093898
TRAIN097157,TRAIN094026
TRAIN097212,TRAIN094077
TRAIN097293,TRAIN094156
TRAIN097334,TRAIN094196
TRAIN097427,TRAIN094287
TRAIN097469,TRAIN094328
TRAIN097471,TRAIN094330
TRAIN097517,TRAIN094375
TRAIN097568,TRAIN094426
TRAIN097584,TRAIN094442
TRAIN097589,TRAIN094446
TRAIN097596,TRAIN094453
TRAIN097642,TRAIN094498
TRAIN097767,TRAIN094621
TRAIN097778,TRAIN094631
TRAIN097810,TRAIN094661
TRAIN097814,TRAIN094665
TRAIN097918,TRAIN094767
TRAIN097939,TRAIN094787
TRAIN097951,TRAIN094797
TRAIN098025,TRAIN094867
TRAIN098043,TRAIN094884
TRAIN098045,TRAIN094886
TRAIN098066,TRAIN094907
TRAIN098081,TRAIN094922
TRAIN098082,TRAIN094923
TRAIN098150,TRAIN094991
TRAIN098158,TRAIN094999
TRAIN098256,TRAIN095094
TRAIN098276,TRAIN095113
TRAIN098311,TRAIN095148
TRAIN098312,TRAIN095149
TRAIN098455,TRAIN095288
TRAIN098496,TRAIN095327
TRAIN098565,TRAIN095391
TRAIN098574,TRAIN095399
TRAIN098579,TRAIN095404
TRAIN098597,TRAIN095421
TRAIN098600,TRAIN095424
TRAIN098601,TRAIN095425
TRAIN098664,TRAIN095486
TRAIN098667,TRAIN095489
TRAIN098696,TRAIN095518
TRAIN098733,TRAIN095553
TRAIN098807,TRAIN095626
TRAIN098871,TRAIN095687
TRAIN098925,TRAIN095740
TRAIN098955,TRAIN095766
TRAIN098972,TRAIN095783
TRAIN098989,TRAIN095800
TRAIN099028,TRAIN095837
TRAIN099029,TRAIN095838
TRAIN099031,TRAIN095840
TRAIN099099,TRAIN095906
TRAIN099131,TRAIN095937
TRAIN099160,TRAIN095965
TRAIN099178,TRAIN095982
TRAIN099270,TRAIN096071
TRAIN099287,TRAIN096087
TRAIN099318,TRAIN096117
TRAIN099356,TRAIN096152
TRAIN099487,TRAIN096280
TRAIN099509,TRAIN096301
TRAIN099511,TRAIN096303
TRAIN099550,TRAIN096342
TRAIN099642,TRAIN096431
TRAIN099664,TRAIN096453
TRAIN099682,TRAIN096470
TRAIN099686,TRAIN096474
TRAIN099728,TRAIN096515
TRAIN099761,TRAIN096547
TRAIN099779,TRAIN096565
TRAIN099827,TRAIN096611
TRAIN099839,TRAIN096622
TRAIN099849,TRAIN096632
TRAIN099938,TRAIN096717
TRAIN100067,TRAIN096842
TRAIN100105,TRAIN096879
TRAIN100152,TRAIN096925
TRAIN100205,TRAIN096975
TRAIN100227,TRAIN096995
TRAIN100293,TRAIN097059
TRAIN100306,TRAIN097072
TRAIN100322,TRAIN097088
TRAIN100342,TRAIN097107
TRAIN100354,TRAIN097119
TRAIN100399,TRAIN097163
TRAIN100407,TRAIN097171
TRAIN100414,TRAIN097178
TRAIN100420,TRAIN097184
TRAIN100463,TRAIN097225
TRAIN100493,TRAIN097254
TRAIN100542,TRAIN097301
TRAIN100610,TRAIN097369
TRAIN100644,TRAIN097403
TRAIN100694,TRAIN097452
TRAIN100756,TRAIN097510
TRAIN100835,TRAIN097588
TRAIN100886,TRAIN097638
TRAIN100908,TRAIN097657
TRAIN100973,TRAIN097720
TRAIN101030,TRAIN097772
TRAIN101039,TRAIN097781
TRAIN101040,TRAIN097782
TRAIN101111,TRAIN097851
TRAIN101159,TRAIN097898
TRAIN101199,TRAIN097937
TRAIN101210,TRAIN097948
TRAIN101212,TRAIN097949
TRAIN101225,TRAIN097961
TRAIN101256,TRAIN097991
TRAIN101269,TRAIN098003
TRAIN101279,TRAIN098013
TRAIN101306,TRAIN098040
,TRAIN098182
,TRAIN098203
,TRAIN098212
,TRAIN098270
,TRAIN098329
,TRAIN098331
,TRAIN098334
,TRAIN098377
,TRAIN098474
,TRAIN098479
,TRAIN098509
,TRAIN098525
,TRAIN098543
,TRAIN098548
,TRAIN098554
,TRAIN098567
,TRAIN098595
,TRAIN098620
,TRAIN098636
,TRAIN098701
,TRAIN098728
,TRAIN098757
,TRAIN098789
,TRAIN098836
,TRAIN098861
,TRAIN098866
,TRAIN098885
,TRAIN098928
,TRAIN098940
,TRAIN098941
,TRAIN098943
,TRAIN098995
,TRAIN099023
,TRAIN099054
,TRAIN099068
,TRAIN099104
,TRAIN099139
,TRAIN099166
,TRAIN099183
,TRAIN099234
,TRAIN099237
,TRAIN099276
,TRAIN099308
,TRAIN099326
,TRAIN099349
,TRAIN099350
,TRAIN099411
,TRAIN099440
,TRAIN099457
,TRAIN099508
,TRAIN099582
,TRAIN099598
,TRAIN099612
,TRAIN099666
,TRAIN099703
,TRAIN099730
,TRAIN099806
,TRAIN099807
,TRAIN099836
,TRAIN099859
,TRAIN099886
,TRAIN099887
,TRAIN099908
,TRAIN099971
,TRAIN100001
,TRAIN100005
,TRAIN100047
,TRAIN100087
,TRAIN100138
,TRAIN100172
,TRAIN100175
,TRAIN100190
,TRAIN100208
,TRAIN100225
,TRAIN100244
,TRAIN100287
,TRAIN100337
,TRAIN100390
,TRAIN100426
,TRAIN100460
,TRAIN100496
,TRAIN100509
,TRAIN100692
,TRAIN100707
,TRAIN100711
,TRAIN100712
,TRAIN100753
,TRAIN100794
,TRAIN100880
,TRAIN100891
,TRAIN100894
,TRAIN100905
,TRAIN100916
,TRAIN100944
,TRAIN100983
,TRAIN100986
,TRAIN101006
,TRAIN101017
,TRAIN101020
,TRAIN101058
,TRAIN101091
,TRAIN101116
,TRAIN101197
,TRAIN101211
,TRAIN101223
,TRAIN101251
,TRAIN101266
,TRAIN101315
,TRAIN101358
,TRAIN101362
,TRAIN101367
,TRAIN101368
